No.of days Until Today,No.of days,Target start date to Today,Project Name,Project Category,Ancestors,Project Manager,Phase/Milestone,Area,At Risk?,Schedule Health,Task Name,Status,% Complete,Start Date,End Date,Priority,Owner,On Hold?,Not Applicable?,Duration,Predecessors,Total Float,Critical ?,Baseline Start,Baseline Finish,Variance,Status Comment,Baseline Start Date,Baseline End Date,Comments,Assigned To,Start,Finish,Baseline Start2,Baseline Finish2,Variance2
#UNPARSEABLE,#UNPARSEABLE,#UNPARSEABLE,,#UNPARSEABLE,0,Rajat Bothra,,,,Red,Zycus - UniSan S2P Implementation,In Progress,0.44,2026-02-11,2026-10-09,,,,,170d,,0.0,,2026-05-03,2026-05-20,-2d,,,,,,,,2026-02-11,2026-09-29,-8d
#UNPARSEABLE,#UNPARSEABLE,#UNPARSEABLE,,#UNPARSEABLE,1,Rajat Bothra,,,,Green,Contract Sign Off,Completed,1.0,2026-02-11,2026-02-11,,,,,1d,,169.0,,,,,,,,,,,,2026-02-11,2026-02-11,0
#UNPARSEABLE,#UNPARSEABLE,#UNPARSEABLE,,#UNPARSEABLE,2,Rajat Bothra,,,,Green,Contract signing between UniSan and Zycus,Completed,1.0,2026-02-11,2026-02-11,,,,,1d,,0.0,1.0,,,,,,,,"UniSan Project Sponsor, Zycus Sales",,,2026-02-11,2026-02-11,0
#UNPARSEABLE,#UNPARSEABLE,#UNPARSEABLE,,#UNPARSEABLE,2,Rajat Bothra,,,,Green,Contract Sign Off,Completed,1.0,2026-02-11,2026-02-11,,,,,0,3,169.0,,,,,,,,,,,,2026-02-11,2026-02-11,0
#UNPARSEABLE,#UNPARSEABLE,#UNPARSEABLE,,#UNPARSEABLE,1,Rajat Bothra,,,,Green,Project Initiation and Data Gathering,Completed,1.0,2026-02-19,2026-03-17,,,,,18d,,146.0,,,,,,,,,,,,2026-02-12,2026-03-18,1d
#UNPARSEABLE,#UNPARSEABLE,#UNPARSEABLE,,#UNPARSEABLE,2,Rajat Bothra,,,,Green,Project Kick Off,Completed,1.0,2026-02-19,2026-03-10,,,,,13d,,151.0,,,,,,,,,,,,2026-02-12,2026-03-18,6d
#UNPARSEABLE,#UNPARSEABLE,#UNPARSEABLE,,#UNPARSEABLE,3,Rajat Bothra,,,,Green,Review Contract Scope,Completed,1.0,2026-02-23,2026-02-23,,,,,1d,3FS +7d,158.0000000694,,,,,,,,,Zycus Project Resources Manager,,,2026-02-23,2026-02-23,0
#UNPARSEABLE,#UNPARSEABLE,#UNPARSEABLE,,#UNPARSEABLE,3,Rajat Bothra,,,,Green,Assign Project Team and Internal communication,Completed,1.0,2026-02-23,2026-02-23,,,,,1d,3FS +7d,0.0,1.0,,,,,,,,Zycus Project Resources Manager,,,2026-02-23,2026-02-23,0
#UNPARSEABLE,#UNPARSEABLE,#UNPARSEABLE,,#UNPARSEABLE,3,Rajat Bothra,,,,Green,Zycus Project Team mobilization and Team alignment,Completed,1.0,2026-02-19,2026-02-23,,,,,3d,8FF,0.0,1.0,,,,,,,,Zycus Project Resources Manager,,,2026-02-19,2026-02-23,0
#UNPARSEABLE,#UNPARSEABLE,#UNPARSEABLE,,#UNPARSEABLE,3,Rajat Bothra,,,,Green,"Setup Project [Server, Email alias, Internal Applications, Central Drive, Internal ticket for STAGING Set Up]",Completed,1.0,2026-02-24,2026-03-05,,,,,7d,9,0.0,1.0,,,,,,,,Zycus Project Team,,,2026-02-24,2026-03-05,0
#UNPARSEABLE,#UNPARSEABLE,#UNPARSEABLE,,#UNPARSEABLE,3,Rajat Bothra,,,,Green,Sales / PreSales / Pilots handover,Completed,1.0,2026-02-24,2026-02-25,,,,,2d,7,158.0000000347,,,,,,,,,"Zycus Project Manager, Zycus Project Team, Zycus Sales",,,2026-02-24,2026-02-25,0
#UNPARSEABLE,#UNPARSEABLE,#UNPARSEABLE,,#UNPARSEABLE,3,Rajat Bothra,,,,Green,Pre-kick off meeting with internal stakeholders,Completed,1.0,2026-02-26,2026-02-26,,,,,1d,11,158.0,,,,,,,,,"Zycus Project Manager, Zycus Project Team, Zycus Sales",,,2026-02-26,2026-02-26,0
#UNPARSEABLE,#UNPARSEABLE,#UNPARSEABLE,,#UNPARSEABLE,3,Rajat Bothra,,,,Green,Finalize kick off meeting schedule,Completed,1.0,2026-02-23,2026-02-23,,,,,1d,,157.0000000694,,,,,,,,,"UniSan Project Manager, UniSan Project Sponsor, Zycus Sales",,,2026-03-02,2026-03-02,5d
#UNPARSEABLE,#UNPARSEABLE,#UNPARSEABLE,,#UNPARSEABLE,3,Rajat Bothra,,,,Green,Review SOW with UniSan,Completed,1.0,2026-02-24,2026-02-24,,,,,1d,,160.0,,,,,,,,,"UniSan Project Sponsor, Zycus Project Manager",,,2026-02-12,2026-02-12,-8d
#UNPARSEABLE,#UNPARSEABLE,#UNPARSEABLE,,#UNPARSEABLE,3,Rajat Bothra,,,,Green,Kick off meeting [Introduction Meeting],Completed,1.0,2026-02-24,2026-02-24,,,,,1d,13,157.0000000694,,,,,,,,,"UniSan Core Project Team, UniSan Project Manager, Zycus Consultant, Zycus Product Specialist, Zycus Project Manager, Zycus Project Team",,,2026-03-03,2026-03-05,6d
#UNPARSEABLE,#UNPARSEABLE,#UNPARSEABLE,,#UNPARSEABLE,3,Rajat Bothra,,,,Green,"Share Product specific templates [Questionnaire, User Details template, Legacy Data Upload] with UniSan",Completed,1.0,2026-02-25,2026-02-25,,,,,1d,15,157.0000000347,,,,,,,,,"Zycus Product Specialist, Zycus Project Manager",,,2026-03-06,2026-03-06,6d
#UNPARSEABLE,#UNPARSEABLE,#UNPARSEABLE,,#UNPARSEABLE,3,Rajat Bothra,,,,Green,Setup Value Introduction kick-off call,Completed,1.0,2026-03-09,2026-03-10,,,,,2d,16FS +6d,151.0,,,,,,,,,"UniSan Project Group, Zycus Product Specialist, Zycus Project Manager",,,2026-03-17,2026-03-18,6d
#UNPARSEABLE,#UNPARSEABLE,#UNPARSEABLE,,#UNPARSEABLE,2,Rajat Bothra,,,,Green,Zycus Project Set-Up,Completed,1.0,2026-03-05,2026-03-05,,,,,0,10,154.0,,,,,,,,,,,,2026-03-05,2026-03-05,0
#UNPARSEABLE,#UNPARSEABLE,#UNPARSEABLE,,#UNPARSEABLE,2,Rajat Bothra,,,,Green,Kick-off Meeting,Completed,1.0,2026-02-24,2026-02-24,,,,,0,15,160.0,,,,,,,,,,,,2026-03-05,2026-03-05,6d
#UNPARSEABLE,#UNPARSEABLE,#UNPARSEABLE,,#UNPARSEABLE,2,Rajat Bothra,,,,Green,Implementation Questionnaire and Staging Setup,Completed,1.0,2026-03-06,2026-03-17,,,,,8d,,146.0,,,,,,,,,,,,2026-03-06,2026-03-17,0
#UNPARSEABLE,#UNPARSEABLE,#UNPARSEABLE,,#UNPARSEABLE,3,Rajat Bothra,,,,Green,STAGING Set Up,Completed,1.0,2026-03-06,2026-03-13,,,,,6d,,148.0,,,,,,,,,,,,2026-03-06,2026-03-13,0
#UNPARSEABLE,#UNPARSEABLE,#UNPARSEABLE,,#UNPARSEABLE,4,Rajat Bothra,,,,Green,Company creation on Zycus STAGING environment,Completed,1.0,2026-03-06,2026-03-09,,,,,2d,10,0.0,1.0,,,,,,,,Zycus Product Specialist,,,2026-03-06,2026-03-09,0
#UNPARSEABLE,#UNPARSEABLE,#UNPARSEABLE,,#UNPARSEABLE,4,Rajat Bothra,,,,Green,NFR (Non-Functional Requirement) Finalization and sign-off,Completed,1.0,2026-03-06,2026-03-06,,,,,1d,10,153.0,,,,,,,,,"UniSan Core Project Team, Zycus Project Team",,,2026-03-06,2026-03-06,0
#UNPARSEABLE,#UNPARSEABLE,#UNPARSEABLE,,#UNPARSEABLE,4,Rajat Bothra,,,,Green,Configure staging setup with base configuration,Completed,1.0,2026-03-10,2026-03-12,,,,,3d,22,0.0,1.0,,,,,,,,Zycus Product Specialist,,,2026-03-10,2026-03-12,0
#UNPARSEABLE,#UNPARSEABLE,#UNPARSEABLE,,#UNPARSEABLE,4,Rajat Bothra,,,,Green,Value Definition Discussion,Completed,1.0,2026-03-10,2026-03-11,,,,,2d,22,147.0000000694,,,,,,,,,"UniSan Project Group, Zycus Product Specialist, Zycus Project Manager",,,2026-03-10,2026-03-11,0
#UNPARSEABLE,#UNPARSEABLE,#UNPARSEABLE,,#UNPARSEABLE,4,Rajat Bothra,,,,Green,Value Definition Review and Follow-up,Completed,1.0,2026-03-12,2026-03-13,,,,,2d,25,147.0000000347,,,,,,,,,"UniSan Project Group, Zycus Product Specialist, Zycus Project Manager",,,2026-03-12,2026-03-13,0
#UNPARSEABLE,#UNPARSEABLE,#UNPARSEABLE,,#UNPARSEABLE,4,Rajat Bothra,,,,Green,Value Definition Sign-off,Completed,1.0,2026-03-13,2026-03-13,,,,,0,26,147.0000000347,,,,,,,,,"UniSan Project Group, Zycus Product Specialist, Zycus Project Manager",,,2026-03-13,2026-03-13,0
#UNPARSEABLE,#UNPARSEABLE,#UNPARSEABLE,,#UNPARSEABLE,3,Rajat Bothra,,,,Green,Quality Reviews,Completed,1.0,2026-03-13,2026-03-17,,,,,3d,,146.0,,,,,,,,,,,,2026-03-13,2026-03-17,0
#UNPARSEABLE,#UNPARSEABLE,#UNPARSEABLE,,#UNPARSEABLE,4,Rajat Bothra,,,,Green,Schedule quality toll,Completed,1.0,2026-03-13,2026-03-13,,,,,1d,24,123.0000003125,,,,,,,,,Zycus Product Specialist,,,2026-03-13,2026-03-13,0
#UNPARSEABLE,#UNPARSEABLE,#UNPARSEABLE,,#UNPARSEABLE,4,Rajat Bothra,,,,Green,"Perform quality checks, PSRs as per quality checklist and submit to QC team",Completed,1.0,2026-03-16,2026-03-16,,,,,1d,29,123.0000002778,,,,,,,,,Zycus Product Specialist,,,2026-03-16,2026-03-16,0
#UNPARSEABLE,#UNPARSEABLE,#UNPARSEABLE,,#UNPARSEABLE,4,Rajat Bothra,,,,Green,Quality Check by Zycus QC team,Completed,1.0,2026-03-17,2026-03-17,,,,,1d,30,123.0000002431,,,,,,,,,Zycus Quality Team,,,2026-03-17,2026-03-17,0
#UNPARSEABLE,#UNPARSEABLE,#UNPARSEABLE,,#UNPARSEABLE,2,Rajat Bothra,,,,Green,Implementation Questionnaire and Staging Setup,Completed,1.0,2026-03-17,2026-03-17,,,,,0,31,123.0000002083,,,,,,,,,,,,2026-03-17,2026-03-17,0
#UNPARSEABLE,#UNPARSEABLE,#UNPARSEABLE,,#UNPARSEABLE,1,Rajat Bothra,,,,Green,Configuration Validation & Documentation,Completed,1.0,2026-03-13,2026-04-27,,,,,32d,,117.0,,,,,,,,,,,,2026-03-13,2026-04-28,1d
#UNPARSEABLE,#UNPARSEABLE,#UNPARSEABLE,,#UNPARSEABLE,2,Rajat Bothra,,,,Green,Requirement Workshop,Completed,1.0,2026-03-13,2026-04-27,,,,,32d,,117.0,,,,,,,,,,,,2026-03-13,2026-04-27,0
#UNPARSEABLE,#UNPARSEABLE,#UNPARSEABLE,,#UNPARSEABLE,3,Rajat Bothra,,,,Green,CLM Configuration Documentation Workshop,Completed,1.0,2026-03-13,2026-04-17,,,,,26d,24,0.0,1.0,,,,,,,,"UniSan Project Team, UniSan SME, Zycus Project Team",,,2026-03-13,2026-04-17,0
#UNPARSEABLE,#UNPARSEABLE,#UNPARSEABLE,,#UNPARSEABLE,3,Rajat Bothra,,,,Green,iSupplier Configuration Documentation Workshop,Completed,1.0,2026-03-13,2026-04-15,,,,,24d,24,4.0000002778,,,,,,,,,"UniSan Project Team, UniSan SME, Zycus Project Team",,,2026-03-13,2026-04-15,0
#UNPARSEABLE,#UNPARSEABLE,#UNPARSEABLE,,#UNPARSEABLE,3,Rajat Bothra,,,,Green,Integration Configuration Documentation Workshop,Completed,1.0,2026-04-24,2026-04-27,,,,,2d,"#REF, #REF",117.0,,,,,,,,,"UniSan Project Team, UniSan SME, Zycus Project Team",,,2026-04-24,2026-04-27,0
#UNPARSEABLE,#UNPARSEABLE,#UNPARSEABLE,,#UNPARSEABLE,2,Rajat Bothra,,,,Green,Configuration Documentation,Completed,1.0,2026-03-16,2026-04-22,,,,,28d,,120.0,,,,,,,,,,,,2026-04-16,2026-04-28,4d
#UNPARSEABLE,#UNPARSEABLE,#UNPARSEABLE,,#UNPARSEABLE,3,Rajat Bothra,,,,Green,iContract Documentation with Merlin,Completed,1.0,2026-04-20,2026-04-20,,,,,1d,35,0.0,1.0,,,,,,,,"UniSan Core Project Team, UniSan Project Manager, Zycus Merlin Product Team, Zycus Project Manager, Zycus Project Team",,,2026-04-20,2026-04-20,0
#UNPARSEABLE,#UNPARSEABLE,#UNPARSEABLE,,#UNPARSEABLE,3,Rajat Bothra,,,,Green,iSupplier Configuration Documentation,Completed,1.0,2026-04-16,2026-04-16,,,,,1d,36,4.0000002778,,,,,,,,,"UniSan Core Project Team, UniSan Project Manager, Zycus Merlin Product Team, Zycus Project Manager, Zycus Project Team",,,2026-04-16,2026-04-16,0
#UNPARSEABLE,#UNPARSEABLE,#UNPARSEABLE,,#UNPARSEABLE,3,Rajat Bothra,,,,Green,IAD Review for iSupplier and iContract,Completed,1.0,2026-04-21,2026-04-21,,,,,1d,"39, 40",0.0,1.0,,,,,,,,UniSan Project Manager,,,2026-04-21,2026-04-21,0
#UNPARSEABLE,#UNPARSEABLE,#UNPARSEABLE,,#UNPARSEABLE,3,Rajat Bothra,,,,Green,UniSan to review and Sign-off IAD Draft- iSupplier and iContract,Completed,1.0,2026-04-22,2026-04-22,,,,,1d,41,0.0,1.0,,,,,,,,,,,2026-04-22,2026-04-22,0
#UNPARSEABLE,#UNPARSEABLE,#UNPARSEABLE,,#UNPARSEABLE,3,Rajat Bothra,,,,Green,Value Realization Target Discussion,Completed,1.0,2026-03-16,2026-03-16,,,,,1d,"27, #REF",147.0,,,,,,,,,"UniSan Project Group, Zycus Product Specialist, Zycus Project Manager",,,2026-04-28,2026-04-28,31d
#UNPARSEABLE,#UNPARSEABLE,#UNPARSEABLE,,#UNPARSEABLE,2,Rajat Bothra,,,,Green,Configuration Documentation concluded,Completed,1.0,2026-04-22,2026-04-22,,,,,0,38,120.0,,,,,,,,,,,,2026-04-28,2026-04-28,4d
#UNPARSEABLE,#UNPARSEABLE,#UNPARSEABLE,,#UNPARSEABLE,2,Rajat Bothra,,,,Green,First draft IAD Sign-off,Completed,1.0,2026-04-22,2026-04-22,,,,,0,42,120.0,,,,,,,,,,,,2026-04-22,2026-04-22,0
#UNPARSEABLE,#UNPARSEABLE,#UNPARSEABLE,,#UNPARSEABLE,1,Rajat Bothra,,,,Green,Single Sign On and User details Integration,Completed,1.0,2026-03-13,2026-04-16,,,,,25d,,124.0,,,,,,,,,,,,2026-03-13,2026-04-16,0
#UNPARSEABLE,#UNPARSEABLE,#UNPARSEABLE,,#UNPARSEABLE,2,Rajat Bothra,,,,Green,Single Sign On - SSO,Completed,1.0,2026-03-13,2026-04-16,,,,,25d,,124.0,,,,,,,,,,,,2026-03-13,2026-04-16,0
#UNPARSEABLE,#UNPARSEABLE,#UNPARSEABLE,,#UNPARSEABLE,3,Rajat Bothra,,,,Green,Availability of Technical Team from Customer,Completed,1.0,2026-03-13,2026-03-13,,,,,1d,24,123.0000002083,,,,,,,,,UniSan Project Manager,,,2026-03-13,2026-03-13,0
#UNPARSEABLE,#UNPARSEABLE,#UNPARSEABLE,,#UNPARSEABLE,3,Rajat Bothra,,,,Green,Design and Analysis,Completed,1.0,2026-03-18,2026-04-10,,,,,18d,,128.0,,,,,,,,,,,,2026-03-18,2026-04-10,0
#UNPARSEABLE,#UNPARSEABLE,#UNPARSEABLE,,#UNPARSEABLE,4,Rajat Bothra,,,,Green,Zycus to share Process flow of SSO integration,Completed,1.0,2026-03-18,2026-03-18,,,,,1d,"48, 32",123.0000001736,,,,,,,,,Zycus SSO Team,,,2026-03-18,2026-03-18,0
#UNPARSEABLE,#UNPARSEABLE,#UNPARSEABLE,,#UNPARSEABLE,4,Rajat Bothra,,,,Green,Exchange of configuration files,Completed,1.0,2026-03-19,2026-03-19,,,,,1d,50,144.0,,,,,,,,,"UniSan IT Team, Zycus SSO Team",,,2026-03-19,2026-03-19,0
#UNPARSEABLE,#UNPARSEABLE,#UNPARSEABLE,,#UNPARSEABLE,4,Rajat Bothra,,,,Green,Exchange of certificates to be used,Completed,1.0,2026-03-19,2026-04-10,,,,,17d,50,128.0,,,,,,,,,"UniSan IT Team, Zycus SSO Team",,,2026-03-19,2026-04-10,0
#UNPARSEABLE,#UNPARSEABLE,#UNPARSEABLE,,#UNPARSEABLE,4,Rajat Bothra,,,,Green,Approach to be used for Single Sign On [Claims/Email Address etc.],Completed,1.0,2026-03-19,2026-04-10,,,,,17d,50,123.0000001389,,,,,,,,,"UniSan IT Team, Zycus SSO Team",,,2026-03-19,2026-04-10,0
#UNPARSEABLE,#UNPARSEABLE,#UNPARSEABLE,,#UNPARSEABLE,3,Rajat Bothra,,,,Green,Configuration and Review,Completed,1.0,2026-04-13,2026-04-16,,,,,4d,,124.0,,,,,,,,,,,,2026-04-13,2026-04-16,0
#UNPARSEABLE,#UNPARSEABLE,#UNPARSEABLE,,#UNPARSEABLE,4,Rajat Bothra,,,,Green,Development [STAGING] Environment,Completed,1.0,2026-04-13,2026-04-16,,,,,4d,,124.0,,,,,,,,,,,,2026-04-13,2026-04-16,0
#UNPARSEABLE,#UNPARSEABLE,#UNPARSEABLE,,#UNPARSEABLE,5,Rajat Bothra,,,,Green,Registration of Service Provider URL for client,Completed,1.0,2026-04-13,2026-04-13,,,,,1d,53,127.0,,,,,,,,,Zycus SSO Team,,,2026-04-13,2026-04-13,0
#UNPARSEABLE,#UNPARSEABLE,#UNPARSEABLE,,#UNPARSEABLE,5,Rajat Bothra,,,,Green,Registration TMS URL specific to client,Completed,1.0,2026-04-13,2026-04-13,,,,,1d,53,123.0000001042,,,,,,,,,Zycus SSO Team,,,2026-04-13,2026-04-13,0
#UNPARSEABLE,#UNPARSEABLE,#UNPARSEABLE,,#UNPARSEABLE,5,Rajat Bothra,,,,Green,Configuration of Web Server for service Provider application,Completed,1.0,2026-04-14,2026-04-14,,,,,1d,57,126.0,,,,,,,,,Zycus SSO Team,,,2026-04-14,2026-04-14,0
#UNPARSEABLE,#UNPARSEABLE,#UNPARSEABLE,,#UNPARSEABLE,5,Rajat Bothra,,,,Green,Service Provider application deployment for client and sanity of the deployed setup,Completed,1.0,2026-04-14,2026-04-14,,,,,1d,57,126.0,,,,,,,,,Zycus SSO Team,,,2026-04-14,2026-04-14,0
#UNPARSEABLE,#UNPARSEABLE,#UNPARSEABLE,,#UNPARSEABLE,5,Rajat Bothra,,,,Green,Configuration of Service Provider setup using below mentioned files,Completed,1.0,2026-04-14,2026-04-14,,,,,1d,57,123.0000000694,,,,,,,,,Zycus SSO Team,,,2026-04-14,2026-04-14,0
#UNPARSEABLE,#UNPARSEABLE,#UNPARSEABLE,,#UNPARSEABLE,5,Rajat Bothra,,,,Green,"Issue Resolution, if any",Completed,1.0,2026-04-15,2026-04-16,,,,,2d,60,123.0000000347,,,,,,,,,Zycus SSO Team,,,2026-04-15,2026-04-16,0
#UNPARSEABLE,#UNPARSEABLE,#UNPARSEABLE,,#UNPARSEABLE,5,Rajat Bothra,,,,Green,Sign off of SSO on STAGING Environment,Completed,1.0,2026-04-16,2026-04-16,,,,,1d,61FF,124.0,,,,,,,,,UniSan IT Team,,,2026-04-16,2026-04-16,0
#UNPARSEABLE,#UNPARSEABLE,#UNPARSEABLE,,#UNPARSEABLE,2,Rajat Bothra,,,,Green,SSO: Completion of Design & Analysis,Completed,1.0,2026-04-10,2026-04-10,,,,,0,49,128.0,,,,,,,,,,,,2026-04-10,2026-04-10,0
#UNPARSEABLE,#UNPARSEABLE,#UNPARSEABLE,,#UNPARSEABLE,2,Rajat Bothra,,,,Green,SSO: Completion of Development and Testing,Completed,1.0,2026-04-16,2026-04-16,,,,,0,62,124.0,,,,,,,,,,,,2026-04-16,2026-04-16,0
#UNPARSEABLE,#UNPARSEABLE,#UNPARSEABLE,,#UNPARSEABLE,1,Rajat Bothra,,,,Green,Contract Management with Basic Setup,Completed,1.0,2026-04-23,2026-05-05,,,,,8d,,112.0,,,,,,,,,,,,2026-04-23,2026-05-05,0
#UNPARSEABLE,#UNPARSEABLE,#UNPARSEABLE,,#UNPARSEABLE,2,Rajat Bothra,,,,Green,iContract Deployment (Repository + Authoring),Completed,1.0,2026-04-23,2026-05-05,,,,,8d,,112.0,,,,,,,,,,,,2026-04-23,2026-05-05,0
#UNPARSEABLE,#UNPARSEABLE,#UNPARSEABLE,,#UNPARSEABLE,3,Rajat Bothra,,,,Green,Functional Configuration on STAGING set Up,Completed,1.0,2026-04-23,2026-05-05,,,,,8d,,112.0,,,,,,,,,,,,2026-04-23,2026-05-05,0
#UNPARSEABLE,#UNPARSEABLE,#UNPARSEABLE,,#UNPARSEABLE,4,Rajat Bothra,,,,Green,User Role Configuration,Completed,1.0,2026-04-23,2026-04-23,,,,,1d,42,4.0000002778,,,,,,,,,Zycus Product Specialist,,,2026-04-23,2026-04-23,0
#UNPARSEABLE,#UNPARSEABLE,#UNPARSEABLE,,#UNPARSEABLE,4,Rajat Bothra,,,,Green,Admin Settings Configuration,Completed,1.0,2026-04-24,2026-04-24,,,,,1d,68,118.0,,,,,,,,,Zycus Product Specialist,,,2026-04-24,2026-04-24,0
#UNPARSEABLE,#UNPARSEABLE,#UNPARSEABLE,,#UNPARSEABLE,4,Rajat Bothra,,,,Green,Readiness for Pre-UAT,Completed,1.0,2026-04-24,2026-04-24,,,,,1d,68,4.0000002778,,,,,,,,,Zycus Product Specialist,,,2026-04-24,2026-04-24,0
#UNPARSEABLE,#UNPARSEABLE,#UNPARSEABLE,,#UNPARSEABLE,4,Rajat Bothra,,,,Green,Pre-UAT,Completed,1.0,2026-04-27,2026-05-05,,,,,6d,,112.0,,,,,,,,,,,,2026-04-27,2026-05-05,0
#UNPARSEABLE,#UNPARSEABLE,#UNPARSEABLE,,#UNPARSEABLE,5,Rajat Bothra,,,,Green,Pre-UAT - Provide End to end walkthrough of configured iContract to UniSan,Completed,1.0,2026-04-27,2026-04-28,,,,,2d,70,4.0000002778,,,,,,,,,"UniSan Core Project Team, Zycus Consultant, Zycus Product Specialist",,,2026-04-27,2026-04-28,0
#UNPARSEABLE,#UNPARSEABLE,#UNPARSEABLE,,#UNPARSEABLE,5,Rajat Bothra,,,,Green,Provide feedback - if any for iContract configuration,Completed,1.0,2026-04-29,2026-04-30,,,,,2d,72,4.0000002778,,,,,,,,,UniSan Project Team,,,2026-04-29,2026-04-30,0
#UNPARSEABLE,#UNPARSEABLE,#UNPARSEABLE,,#UNPARSEABLE,5,Rajat Bothra,,,,Green,Zycus to incorporate feedback - as applicable and share final version of Implementation Approach Document [IAD],Completed,1.0,2026-04-30,2026-05-04,,,,,2d,73SS +1d,4.0000002778,,,,,,,,,"Zycus Consultant, Zycus Product Specialist",,,2026-04-30,2026-05-04,0
#UNPARSEABLE,#UNPARSEABLE,#UNPARSEABLE,,#UNPARSEABLE,5,Rajat Bothra,,,,Green,Sign off on Pre-UAT and final version of IAD sign off,Completed,1.0,2026-05-04,2026-05-04,,,,,0,74,4.0000002778,,,,,,,,,UniSan Project Manager,,,2026-05-04,2026-05-04,0
#UNPARSEABLE,#UNPARSEABLE,#UNPARSEABLE,,#UNPARSEABLE,5,Rajat Bothra,,,,Green,WordConnect Installation at UniSan's end,Completed,1.0,2026-05-04,2026-05-05,,,,,2d,73SS +2d,112.0,,,,,,,,,"UniSan IT Team, UniSan Project Manager",,,2026-05-04,2026-05-05,0
#UNPARSEABLE,#UNPARSEABLE,#UNPARSEABLE,,#UNPARSEABLE,2,Rajat Bothra,,,,Green,iContract: Conclude Functional Configuration,Completed,1.0,2026-05-04,2026-05-04,,,,,0,75,113.0,,,,,,,,,,,,2026-05-04,2026-05-04,0
#UNPARSEABLE,#UNPARSEABLE,#UNPARSEABLE,,#UNPARSEABLE,1,Rajat Bothra,,,,Green,Supplier Information Management with Integration,Completed,1.0,2026-04-23,2026-05-15,,,,,16d,,104.0,,,,,,,,,,,,2026-04-23,2026-05-20,3d
#UNPARSEABLE,#UNPARSEABLE,#UNPARSEABLE,,#UNPARSEABLE,2,Rajat Bothra,,,,Green,iSupplier Deployment,Completed,1.0,2026-04-23,2026-05-06,,,,,9d,,111.0,,,,,,,,,,,,2026-04-23,2026-05-06,0
#UNPARSEABLE,#UNPARSEABLE,#UNPARSEABLE,,#UNPARSEABLE,3,Rajat Bothra,,,,Green,Design & Development on STAGING Set UP,Completed,1.0,2026-04-23,2026-05-06,,,,,9d,,111.0,,,,,,,,,,,,2026-04-23,2026-05-06,0
#UNPARSEABLE,#UNPARSEABLE,#UNPARSEABLE,,#UNPARSEABLE,4,Rajat Bothra,,,,Green,"Users,Roles,Workflow & View Definition Configuration",Completed,1.0,2026-04-23,2026-04-28,,,,,4d,,106.0000001042,,,,,,,,,,,,2026-04-23,2026-04-28,0
#UNPARSEABLE,#UNPARSEABLE,#UNPARSEABLE,,#UNPARSEABLE,5,Rajat Bothra,,,,Green,"Configure User Roles, View Definition and Workflow as per IAD",Completed,1.0,2026-04-23,2026-04-27,,,,,3d,42,0.0,1.0,,,,,,,,Zycus Product Specialist,,,2026-04-23,2026-04-27,0
#UNPARSEABLE,#UNPARSEABLE,#UNPARSEABLE,,#UNPARSEABLE,5,Rajat Bothra,,,,Green,UniSan to provide feedback,Completed,1.0,2026-04-28,2026-04-28,,,,,1d,82,0.0,1.0,,,,,,,,"UniSan Core Project Team, UniSan Subject Matter Expert",,,2026-04-28,2026-04-28,0
#UNPARSEABLE,#UNPARSEABLE,#UNPARSEABLE,,#UNPARSEABLE,4,Rajat Bothra,,,,Green,Pre-UAT on STAGING Set UP,Completed,1.0,2026-04-29,2026-05-06,,,,,5d,,4.0000002778,,,,,,,,,,,,2026-04-29,2026-05-06,0
#UNPARSEABLE,#UNPARSEABLE,#UNPARSEABLE,,#UNPARSEABLE,5,Rajat Bothra,,,,Green,Pre-UAT - Provide End to end walkthrough of configured iSupplier to UniSan,Completed,1.0,2026-04-29,2026-04-30,,,,,2d,81,0.0,1.0,,,,,,,,"Zycus Consultant, Zycus Product Specialist",,,2026-04-29,2026-04-30,0
#UNPARSEABLE,#UNPARSEABLE,#UNPARSEABLE,,#UNPARSEABLE,5,Rajat Bothra,,,,Green,Provide feedback - if any for iSupplier configuration,Completed,1.0,2026-05-04,2026-05-04,,,,,1d,85,0.0,1.0,,,,,,,,UniSan Project Team,,,2026-05-04,2026-05-04,0
#UNPARSEABLE,#UNPARSEABLE,#UNPARSEABLE,,#UNPARSEABLE,5,Rajat Bothra,,,,Green,Zycus to incorporate feedback - as applicable and share final version of Implementation Approach Document [IAD],Completed,1.0,2026-05-05,2026-05-06,,,,,2d,"85, 86",109.0000000694,,,,,,,,,Zycus Consultant,,,2026-05-05,2026-05-06,0
#UNPARSEABLE,#UNPARSEABLE,#UNPARSEABLE,,#UNPARSEABLE,5,Rajat Bothra,,,,Green,Sign off on Pre-UAT and final version of IAD,Completed,1.0,2026-05-06,2026-05-06,,,,,0,87,109.0000000694,,,,,,,,,"UniSan Project Manager, Zycus Project Manager",,,2026-05-06,2026-05-06,0
#UNPARSEABLE,#UNPARSEABLE,#UNPARSEABLE,,#UNPARSEABLE,2,Rajat Bothra,,,,Green,iSupplier: Conclude Functional Configuration,Completed,1.0,2026-05-06,2026-05-06,,,,,0,84,4.0000002778,,,,,,,,,,,,2026-05-06,2026-05-06,0
#UNPARSEABLE,#UNPARSEABLE,#UNPARSEABLE,,#UNPARSEABLE,2,Rajat Bothra,,,,Green,Value KPI Report creation on Staging,Completed,1.0,2026-05-07,2026-05-08,,,,,2d,"94, 81, #REF",105.0000000694,,,,,,,,,"UniSan Project Group, Zycus Product Specialist, Zycus Project Manager",,,2026-05-12,2026-05-13,3d
#UNPARSEABLE,#UNPARSEABLE,#UNPARSEABLE,,#UNPARSEABLE,2,Rajat Bothra,,,,Green,Value KPI Report demo on Staging,Completed,1.0,2026-05-14,2026-05-15,,,,,2d,90SS +5d,102.0000000347,,,,,,,,,"UniSan Project Group, Zycus Product Specialist, Zycus Project Manager",,,2026-05-19,2026-05-20,3d
#UNPARSEABLE,#UNPARSEABLE,#UNPARSEABLE,,#UNPARSEABLE,1,Rajat Bothra,,,,Green,User Acceptance Testing (UAT) Phase I,Completed,1.0,2026-05-04,2026-05-20,,,,,13d,,101.0,,,,,,,,,,,,2026-05-04,2026-06-16,18d
#UNPARSEABLE,#UNPARSEABLE,#UNPARSEABLE,,#UNPARSEABLE,2,Rajat Bothra,,,,Green,Prepare for UAT,Completed,1.0,2026-05-04,2026-05-13,,,,,8d,,4.0000002778,,,,,,,,,,,,2026-05-04,2026-05-13,0
#UNPARSEABLE,#UNPARSEABLE,#UNPARSEABLE,,#UNPARSEABLE,3,Rajat Bothra,,,,Green,Prepare the UAT Approach,Completed,1.0,2026-05-04,2026-05-05,,,,,2d,85,107.0000001042,,,,,,,,,"Zycus Product Specialist, Zycus Project Manager",,,2026-05-04,2026-05-05,0
#UNPARSEABLE,#UNPARSEABLE,#UNPARSEABLE,,#UNPARSEABLE,3,Rajat Bothra,,,,Green,Finalize and agree on UAT Approach,Completed,1.0,2026-05-06,2026-05-06,,,,,1d,94,107.0000000694,,,,,,,,,"UniSan Core Project Team, UniSan Project Manager",,,2026-05-06,2026-05-06,0
#UNPARSEABLE,#UNPARSEABLE,#UNPARSEABLE,,#UNPARSEABLE,3,Rajat Bothra,,,,Green,Provide users & roles on STAGING required for UAT,Completed,1.0,2026-05-05,2026-05-08,,,,,4d,86,0.0,1.0,,,,,,,,"UniSan Project Manager, UniSan Project Team, UniSan SME",,,2026-05-05,2026-05-08,0
#UNPARSEABLE,#UNPARSEABLE,#UNPARSEABLE,,#UNPARSEABLE,3,Rajat Bothra,,,,Green,Create users on STAGING set for UAT group,Completed,1.0,2026-05-11,2026-05-13,,,,,3d,96,0.0,1.0,,,,,,,,Zycus Product Specialist,,,2026-05-11,2026-05-13,0
#UNPARSEABLE,#UNPARSEABLE,#UNPARSEABLE,,#UNPARSEABLE,3,Rajat Bothra,,,,Green,Provide Standard Test Cases,Completed,1.0,2026-05-07,2026-05-08,,,,,2d,95,107.0000000347,,,,,,,,,"Zycus Consultant, Zycus Product Specialist",,,2026-05-07,2026-05-08,0
#UNPARSEABLE,#UNPARSEABLE,#UNPARSEABLE,,#UNPARSEABLE,3,Rajat Bothra,,,,Green,Finalize Test Cases,Completed,1.0,2026-05-11,2026-05-12,,,,,2d,98,107.0,,,,,,,,,UniSan Core Project Team,,,2026-05-11,2026-05-12,0
#UNPARSEABLE,#UNPARSEABLE,#UNPARSEABLE,,#UNPARSEABLE,3,Rajat Bothra,,,,Green,Quality Reviews,Completed,1.0,2026-05-07,2026-05-08,,,,,2d,,109.0,,,,,,,,,,,,2026-05-12,2026-05-13,3d
#UNPARSEABLE,#UNPARSEABLE,#UNPARSEABLE,,#UNPARSEABLE,4,Rajat Bothra,,,,Green,Schedule for quality check,Completed,1.0,2026-05-07,2026-05-07,,,,,1d,"88, 75",109.0000000347,,,,,,,,,Zycus Product Specialist,,,2026-05-12,2026-05-12,3d
#UNPARSEABLE,#UNPARSEABLE,#UNPARSEABLE,,#UNPARSEABLE,4,Rajat Bothra,,,,Green,"Perform quality checks, PSRs as per quality checklist and submit to QC team",Completed,1.0,2026-05-08,2026-05-08,,,,,1d,101,109.0,,,,,,,,,Zycus Product Specialist,,,2026-05-13,2026-05-13,3d
#UNPARSEABLE,#UNPARSEABLE,#UNPARSEABLE,,#UNPARSEABLE,4,Rajat Bothra,,,,Green,Quality Check by Zycus QC team,Completed,1.0,2026-05-08,2026-05-08,,,,,0,102,109.0,,,,,,,,,Zycus Quality Team,,,2026-05-13,2026-05-13,3d
#UNPARSEABLE,#UNPARSEABLE,#UNPARSEABLE,,#UNPARSEABLE,2,Rajat Bothra,,,,Green,End-to-End UAT,Completed,1.0,2026-05-14,2026-05-20,,,,,5d,,101.0,,,,,,,,,,,,2026-05-14,2026-06-16,18d
#UNPARSEABLE,#UNPARSEABLE,#UNPARSEABLE,,#UNPARSEABLE,3,Rajat Bothra,,,,Green,UAT for iContract and iSupplier,Completed,1.0,2026-05-14,2026-05-18,,,,,3d,"93, 89, 75",0.0,1.0,,,,,,,,UniSan Core Project Team,,,2026-05-14,2026-05-18,0
#UNPARSEABLE,#UNPARSEABLE,#UNPARSEABLE,,#UNPARSEABLE,3,Rajat Bothra,,,,Green,Defect Analysis & UAT Feedback incorporation and share Test Closure Memo,Completed,1.0,2026-05-14,2026-05-19,,,,,4d,105SS,0.0,1.0,,,,,,,,Zycus Project Team,,,2026-05-14,2026-05-19,0
#UNPARSEABLE,#UNPARSEABLE,#UNPARSEABLE,,#UNPARSEABLE,3,Rajat Bothra,,,,Green,UniSan to provide sign off on Test Closure Memo,Completed,1.0,2026-05-20,2026-05-20,,,,,1d,106,0.0,1.0,,,,,,,,"UniSan Core Project Team, UniSan Project Manager",,,2026-05-20,2026-05-20,0
#UNPARSEABLE,#UNPARSEABLE,#UNPARSEABLE,,#UNPARSEABLE,1,Rajat Bothra,,,,Green,UAT Completion I,Completed,1.0,2026-05-20,2026-05-20,,,,,0,107,69.0000002431,,,,,,,,,,,,2026-05-20,2026-05-20,0
#UNPARSEABLE,#UNPARSEABLE,#UNPARSEABLE,,#UNPARSEABLE,1,Rajat Bothra,,,,Green,Value KPI Sign-off,Completed,1.0,2026-05-18,2026-05-18,,,,,0,"91, 105",101.0000000347,,,,,,,,,"UniSan Project Group, Zycus Product Specialist, Zycus Project Manager",,,2026-05-20,2026-05-20,2d
#UNPARSEABLE,#UNPARSEABLE,#UNPARSEABLE,,#UNPARSEABLE,1,Rajat Bothra,,,,Red,Training Phase I,In Progress,0.77,2026-05-19,2026-05-28,,,,,7d,,96.0,,,,,,,,,,,,2026-05-19,2026-06-22,17d
#UNPARSEABLE,#UNPARSEABLE,#UNPARSEABLE,,#UNPARSEABLE,2,Rajat Bothra,,,,Green,Training Preparation,Completed,1.0,2026-05-19,2026-05-21,,,,,3d,,100.0,,,,,,,,,,,,2026-05-19,2026-05-21,0
#UNPARSEABLE,#UNPARSEABLE,#UNPARSEABLE,,#UNPARSEABLE,3,Rajat Bothra,,,,Green,Training Approach and Schedule finalization,Completed,1.0,2026-05-19,2026-05-20,,,,,2d,105,96.0000001042,,,,,,,,,"UniSan Project Manager, Zycus Project Manager, Zycus University",,,2026-05-19,2026-05-20,0
#UNPARSEABLE,#UNPARSEABLE,#UNPARSEABLE,,#UNPARSEABLE,3,Rajat Bothra,,,,Green,Training Agenda Finalization,Completed,1.0,2026-05-21,2026-05-21,,,,,1d,112,96.0000000694,,,,,,,,,"UniSan Project Manager, Zycus University Trainer",,,2026-05-21,2026-05-21,0
#UNPARSEABLE,#UNPARSEABLE,#UNPARSEABLE,,#UNPARSEABLE,2,Rajat Bothra,,,,Red,Train The Trainer,In Progress,0.6,2026-05-22,2026-05-28,,,,,4d,,96.0,,,,,,,,,,,,2026-05-22,2026-06-22,17d
#UNPARSEABLE,#UNPARSEABLE,#UNPARSEABLE,,#UNPARSEABLE,3,Rajat Bothra,,,,Green,iContract + Merlin for Contract Training,Completed,1.0,2026-05-22,2026-05-25,,,,,2d,"107, 113",96.0000000347,,,,,,,,,"UniSan Project Team, Zycus University Trainer",,,2026-05-22,2026-05-25,0
#UNPARSEABLE,#UNPARSEABLE,#UNPARSEABLE,,#UNPARSEABLE,3,Rajat Bothra,,,,Green,iSupplier Training,Completed,1.0,2026-05-26,2026-05-26,,,,,1d,115,97.0,,,,,,,,,"UniSan Project Team, Zycus University Trainer",,,2026-05-26,2026-05-26,0
#UNPARSEABLE,#UNPARSEABLE,#UNPARSEABLE,,#UNPARSEABLE,3,Rajat Bothra,,,,Red,Admin Training,Not Started,0.0,2026-05-26,2026-05-28,,,,,2d,115,96.0,,,,,,,,,"UniSan Project Team, Zycus University Trainer",,,2026-06-19,2026-06-22,17d
#UNPARSEABLE,#UNPARSEABLE,#UNPARSEABLE,,#UNPARSEABLE,1,Rajat Bothra,,,,Green,Training Completion,Completed,1.0,2026-05-28,2026-05-28,,,,,0,117,96.0,,,,,,,,,,,,2026-06-22,2026-06-22,17d
#UNPARSEABLE,#UNPARSEABLE,#UNPARSEABLE,,#UNPARSEABLE,1,Rajat Bothra,,,,Green,Production Migration Phase I,Completed,1.0,2026-05-19,2026-06-03,,,,,11d,,92.0,,,,,,,,,,,,2026-05-19,2026-06-23,14d
#UNPARSEABLE,#UNPARSEABLE,#UNPARSEABLE,,#UNPARSEABLE,2,Rajat Bothra,,,,Green,Migration of Solution from STAGING Environment to PRODUCTION,Completed,1.0,2026-05-19,2026-06-03,,,,,11d,,92.0,,,,,,,,,,,,2026-05-19,2026-06-23,14d
#UNPARSEABLE,#UNPARSEABLE,#UNPARSEABLE,,#UNPARSEABLE,3,Rajat Bothra,,,,Green,Log ticket for PRODUCTION tenant creation,Completed,1.0,2026-05-19,2026-05-19,,,,,1d,105,91.0000000694,,,,,,,,,Zycus Product Specialist,,,2026-05-19,2026-05-19,0
#UNPARSEABLE,#UNPARSEABLE,#UNPARSEABLE,,#UNPARSEABLE,3,Rajat Bothra,,,,Green,Configuration migration to PRODUCTION for iContract & iSupplier,Completed,1.0,2026-05-21,2026-05-28,,,,,5d,"121, 107",91.0000002083,,,,,,,,,Zycus Product Specialist,,,2026-05-21,2026-05-28,0
#UNPARSEABLE,#UNPARSEABLE,#UNPARSEABLE,,#UNPARSEABLE,3,Rajat Bothra,,,,Green,Provide the final list of users to be created on PRODUCTION,Completed,1.0,2026-05-21,2026-05-25,,,,,3d,108,69.0000002083,,,,,,,,,"UniSan Holdings SME, UniSan Project Manager, TKC Holdings Project Team",,,2026-05-21,2026-05-25,0
#UNPARSEABLE,#UNPARSEABLE,#UNPARSEABLE,,#UNPARSEABLE,3,Rajat Bothra,,,,Green,Creation of Specified Users as per roles,Completed,1.0,2026-05-26,2026-06-01,,,,,4d,123,69.0000001736,,,,,,,,,Zycus Product Specialist,,,2026-05-26,2026-06-01,0
#UNPARSEABLE,#UNPARSEABLE,#UNPARSEABLE,,#UNPARSEABLE,3,Rajat Bothra,,,,Green,WordConnect Installation at UniSan's end,Completed,1.0,2026-05-29,2026-06-01,,,,,2d,122,94.0,,,,,,,,,"UniSan IT Team, UniSan Project Manager",,,2026-05-29,2026-06-01,0
#UNPARSEABLE,#UNPARSEABLE,#UNPARSEABLE,,#UNPARSEABLE,3,Rajat Bothra,,,,Green,Migration of SSO,Completed,1.0,2026-05-25,2026-06-03,,,,,7d,,92.0,,,,,,,,,,,,2026-05-25,2026-06-03,0
#UNPARSEABLE,#UNPARSEABLE,#UNPARSEABLE,,#UNPARSEABLE,4,Rajat Bothra,,,,Green,PRODUCTION setup with standard configuration,Completed,1.0,2026-05-25,2026-05-26,,,,,2d,122SS +2d,91.0000001736,,,,,,,,,Zycus SSO Team,,,2026-05-25,2026-05-26,0
#UNPARSEABLE,#UNPARSEABLE,#UNPARSEABLE,,#UNPARSEABLE,4,Rajat Bothra,,,,Green,Exchange of certificates to be used,Completed,1.0,2026-05-28,2026-05-28,,,,,1d,127,95.0000000347,,,,,,,,,"UniSan IT Team, Zycus SSO Team",,,2026-05-28,2026-05-28,0
#UNPARSEABLE,#UNPARSEABLE,#UNPARSEABLE,,#UNPARSEABLE,4,Rajat Bothra,,,,Green,Registration of Service Provider URL for client,Completed,1.0,2026-05-29,2026-05-29,,,,,1d,128,95.0,,,,,,,,,Zycus SSO Team,,,2026-05-29,2026-05-29,0
#UNPARSEABLE,#UNPARSEABLE,#UNPARSEABLE,,#UNPARSEABLE,4,Rajat Bothra,,,,Green,Registration TMS URL specific to client,Completed,1.0,2026-05-28,2026-05-28,,,,,1d,127,95.0000000347,,,,,,,,,Zycus SSO Team,,,2026-05-28,2026-05-28,0
#UNPARSEABLE,#UNPARSEABLE,#UNPARSEABLE,,#UNPARSEABLE,4,Rajat Bothra,,,,Green,Configuration of Web Server for service Provider application,Completed,1.0,2026-05-29,2026-05-29,,,,,1d,130,95.0,,,,,,,,,Zycus SSO Team,,,2026-05-29,2026-05-29,0
#UNPARSEABLE,#UNPARSEABLE,#UNPARSEABLE,,#UNPARSEABLE,4,Rajat Bothra,,,,Green,Service Provider application deployment for client and sanity of the deployed setup,Completed,1.0,2026-05-29,2026-05-29,,,,,1d,130,95.0,,,,,,,,,Zycus SSO Team,,,2026-05-29,2026-05-29,0
#UNPARSEABLE,#UNPARSEABLE,#UNPARSEABLE,,#UNPARSEABLE,4,Rajat Bothra,,,,Green,Raise internal ticket for configuration of service provider set up & PRODUCTION URL Change,Completed,1.0,2026-05-26,2026-05-26,,,,,1d,127FS -1d,92.0000001389,,,,,,,,,Zycus SSO Team,,,2026-05-26,2026-05-26,0
#UNPARSEABLE,#UNPARSEABLE,#UNPARSEABLE,,#UNPARSEABLE,4,Rajat Bothra,,,,Green,Configuration of Service Provider setup,Completed,1.0,2026-05-28,2026-05-29,,,,,2d,133,92.0000001042,,,,,,,,,Zycus SSO Team,,,2026-05-28,2026-05-29,0
#UNPARSEABLE,#UNPARSEABLE,#UNPARSEABLE,,#UNPARSEABLE,4,Rajat Bothra,,,,Green,PRODUCTION URL change,Completed,1.0,2026-06-01,2026-06-02,,,,,2d,,93.0,,,,,,,,,,,,2026-06-01,2026-06-02,0
#UNPARSEABLE,#UNPARSEABLE,#UNPARSEABLE,,#UNPARSEABLE,5,Rajat Bothra,,,,Green,Configuring DSSO URL for all the respective product,Completed,1.0,2026-06-01,2026-06-01,,,,,1d,134,92.0000000694,,,,,,,,,Zycus SSO Team,,,2026-06-01,2026-06-01,0
#UNPARSEABLE,#UNPARSEABLE,#UNPARSEABLE,,#UNPARSEABLE,5,Rajat Bothra,,,,Green,Testing of SSO login on PRODUCTION set up,Completed,1.0,2026-06-02,2026-06-02,,,,,1d,136,92.0000000347,,,,,,,,,"UniSan IT Team, TKC Holdings Project Team",,,2026-06-02,2026-06-02,0
#UNPARSEABLE,#UNPARSEABLE,#UNPARSEABLE,,#UNPARSEABLE,4,Rajat Bothra,,,,Green,Sign off on SSO Implementation,Completed,1.0,2026-06-03,2026-06-03,,,,,1d,137,92.0,,,,,,,,,UniSan Project Manager,,,2026-06-03,2026-06-03,0
#UNPARSEABLE,#UNPARSEABLE,#UNPARSEABLE,,#UNPARSEABLE,3,Rajat Bothra,,,,Green,Quality Reviews,Completed,1.0,2026-06-02,2026-06-03,,,,,2d,,92.0,,,,,,,,,,,,2026-06-02,2026-06-03,0
#UNPARSEABLE,#UNPARSEABLE,#UNPARSEABLE,,#UNPARSEABLE,4,Rajat Bothra,,,,Green,Schedule for quality check,Completed,1.0,2026-06-02,2026-06-02,,,,,1d,124,69.0000001389,,,,,,,,,Zycus Product Specialist,,,2026-06-02,2026-06-02,0
#UNPARSEABLE,#UNPARSEABLE,#UNPARSEABLE,,#UNPARSEABLE,4,Rajat Bothra,,,,Green,"Perform quality checks, PSRs as per quality checklist and submit to QC team",Completed,1.0,2026-06-03,2026-06-03,,,,,1d,140,69.0000001042,,,,,,,,,Zycus Product Specialist,,,2026-06-03,2026-06-03,0
#UNPARSEABLE,#UNPARSEABLE,#UNPARSEABLE,,#UNPARSEABLE,4,Rajat Bothra,,,,Green,Quality Check by Zycus QC team,Completed,1.0,2026-06-03,2026-06-03,,,,,0,141,69.0000001042,,,,,,,,,Zycus Quality Team,,,2026-06-03,2026-06-03,0
#UNPARSEABLE,#UNPARSEABLE,#UNPARSEABLE,,#UNPARSEABLE,1,Rajat Bothra,,,,Green,KPI Reports to be migrated on PROD,Completed,1.0,2026-05-29,2026-06-01,,,,,2d,"109, 122",94.0,,,,,,,,,"UniSan Project Group, Zycus Product Specialist, Zycus Project Manager",,,2026-05-29,2026-06-01,0
#UNPARSEABLE,#UNPARSEABLE,#UNPARSEABLE,,#UNPARSEABLE,1,Rajat Bothra,,,,Green,Sanity on Production for iContract and iSupplier,Completed,1.0,2026-06-04,2026-06-05,,,,,2d,142,69.0000000694,,,,,,,,,"UniSan IT Team, UniSan Integration Team, UniSan Project Manager, UniSan SME, UniSan Subject Matter Expert",,,2026-06-04,2026-06-05,0
#UNPARSEABLE,#UNPARSEABLE,#UNPARSEABLE,,#UNPARSEABLE,1,Rajat Bothra,,,,Green,Go /No-go Check Point ( Meeting with UniSan) for iContract & iSupplier,Completed,1.0,2026-06-08,2026-06-08,,,,,1d,144,69.0000000347,,,,,,,,,UniSan Project Manager,,,2026-06-08,2026-06-08,0
#UNPARSEABLE,#UNPARSEABLE,#UNPARSEABLE,,#UNPARSEABLE,1,Rajat Bothra,,,,Green,Release Zycus system to all users  for iContract and iSupplier,Completed,1.0,2026-06-08,2026-06-08,,,,,0,145,69.0000000347,,,,,,,,,Zycus Product Specialist,,,2026-06-08,2026-06-08,0
#UNPARSEABLE,#UNPARSEABLE,#UNPARSEABLE,,#UNPARSEABLE,1,Rajat Bothra,,,,Green,Production Go-Live Phase I,Completed,1.0,2026-06-08,2026-06-08,,,,,0,146,69.0000000347,,,,,,,,,,,,2026-06-24,2026-06-24,12d
#UNPARSEABLE,#UNPARSEABLE,#UNPARSEABLE,,#UNPARSEABLE,1,Rajat Bothra,,,,Red,Hypercare Phase I,In Progress,0.25,2026-06-09,2026-07-06,,,,,20d,147,69.0,,,,,,,,,"UniSan IT Team, UniSan Integration Team, UniSan Project Group, Zycus Consultant, Zycus Integration Team, Zycus Product Specialist, Zycus Project Manager",,,2026-06-25,2026-07-23,13d
#UNPARSEABLE,#UNPARSEABLE,#UNPARSEABLE,,#UNPARSEABLE,1,Rajat Bothra,,,,Red,Configuration Validation & Documentation,In Progress,0.26,2026-06-19,2026-07-22,,,,,24d,,57.0,,,,,,,,,,,,,,
#UNPARSEABLE,#UNPARSEABLE,#UNPARSEABLE,,#UNPARSEABLE,2,Rajat Bothra,,,,Yellow,Requirement Workshop,In Progress,0.51,2026-06-19,2026-07-15,,,,,19d,,62.0,,,,,,,,,,,,,,
#UNPARSEABLE,#UNPARSEABLE,#UNPARSEABLE,,#UNPARSEABLE,3,Rajat Bothra,,,,Red,iSource Configuration Documentation Workshop,In Progress,0.8,2026-06-29,2026-07-02,,,,,4d,152,0.0,1.0,,,,,,,,"UniSan Project Team, UniSan SME, Zycus Project Team",,,,,
#UNPARSEABLE,#UNPARSEABLE,#UNPARSEABLE,,#UNPARSEABLE,3,Rajat Bothra,,,,Red,"eProc, eInvoice and Merlin APSD Configuration Documentation Workshop",In Progress,0.5,2026-06-19,2026-06-26,,,,,6d,107FS +20d,0.0,1.0,,,,,,,,"UniSan Project Team, UniSan SME, Zycus Project Team",,,,,
#UNPARSEABLE,#UNPARSEABLE,#UNPARSEABLE,,#UNPARSEABLE,3,Rajat Bothra,,,,Green,CLM Additional Approval Workflow Documentation Workshop,Not Started,0.0,2026-07-03,2026-07-08,,,,,4d,151,0.0,1.0,,,,,,,,"UniSan Project Team, UniSan SME, Zycus Project Team",,,,,
#UNPARSEABLE,#UNPARSEABLE,#UNPARSEABLE,,#UNPARSEABLE,3,Rajat Bothra,,,,Green,Merlin Intake Configuration Documentation Workshop,In Progress,0.8,2026-07-09,2026-07-15,,,,,5d,153,0.0,1.0,,,,,,,,"UniSan Project Team, UniSan SME, Zycus Project Team",,,,,
#UNPARSEABLE,#UNPARSEABLE,#UNPARSEABLE,,#UNPARSEABLE,3,Rajat Bothra,,,,Green,"Integration Configuration Documentation Workshop ( eInovoice, iContract)",Not Started,0.0,2026-07-03,2026-07-03,,,,,1d,"151, 152",70.0,,,,,,,,,"UniSan Project Team, UniSan SME, Zycus Project Team",,,,,
#UNPARSEABLE,#UNPARSEABLE,#UNPARSEABLE,,#UNPARSEABLE,2,Rajat Bothra,,,,Red,Configuration Documentation,Not Started,0.0,2026-06-29,2026-07-22,,,,,18d,,57.0,,,,,,,,,,,,,,
#UNPARSEABLE,#UNPARSEABLE,#UNPARSEABLE,,#UNPARSEABLE,3,Rajat Bothra,,,,Green,iSource Configuration Documentation,Not Started,0.0,2026-07-03,2026-07-03,,,,,1d,151,70.0,,,,,,,,,"UniSan Core Project Team, UniSan Project Manager, Zycus Merlin Product Team, Zycus Project Manager, Zycus Project Team",,,,,
#UNPARSEABLE,#UNPARSEABLE,#UNPARSEABLE,,#UNPARSEABLE,3,Rajat Bothra,,,,Red,"eProc, eInvoice and Merlin APSD Configuration Documentation",Not Started,0.0,2026-06-29,2026-06-29,,,,,1d,152,23.0000001389,,,,,,,,,"UniSan Core Project Team, UniSan Project Manager, Zycus Merlin Product Team, Zycus Project Manager, Zycus Project Team",,,,,
#UNPARSEABLE,#UNPARSEABLE,#UNPARSEABLE,,#UNPARSEABLE,3,Rajat Bothra,,,,Green,CLM Configuration Documentation,Not Started,0.0,2026-07-09,2026-07-09,,,,,1d,153,66.0,,,,,,,,,"UniSan Core Project Team, UniSan Project Manager, Zycus Merlin Product Team, Zycus Project Manager, Zycus Project Team",,,,,
#UNPARSEABLE,#UNPARSEABLE,#UNPARSEABLE,,#UNPARSEABLE,3,Rajat Bothra,,,,Green,iSupplier Configuration Documentation,Not Started,0.0,2026-07-09,2026-07-09,,,,,0,159,66.0,,,,,,,,,"UniSan Core Project Team, UniSan Project Manager, Zycus Merlin Product Team, Zycus Project Manager, Zycus Project Team",,,,,
#UNPARSEABLE,#UNPARSEABLE,#UNPARSEABLE,,#UNPARSEABLE,3,Rajat Bothra,,,,Green,Merlin Intake Configuration Documentation,Not Started,0.0,2026-07-16,2026-07-16,,,,,1d,154,0.0,1.0,,,,,,,,"UniSan Core Project Team, UniSan Project Manager, Zycus Merlin Product Team, Zycus Project Manager, Zycus Project Team",,,,,
#UNPARSEABLE,#UNPARSEABLE,#UNPARSEABLE,,#UNPARSEABLE,3,Rajat Bothra,,,,Green,IAD Review for all modules,Not Started,0.0,2026-07-17,2026-07-20,,,,,2d,161,0.0,1.0,,,,,,,,UniSan Project Manager,,,,,
#UNPARSEABLE,#UNPARSEABLE,#UNPARSEABLE,,#UNPARSEABLE,3,Rajat Bothra,,,,Green,UniSan to review and Sign-off IAD Draft,Not Started,0.0,2026-07-21,2026-07-21,,,,,1d,162,0.0,1.0,,,,,,,,UniSan Project Manager,,,,,
#UNPARSEABLE,#UNPARSEABLE,#UNPARSEABLE,,#UNPARSEABLE,3,Rajat Bothra,,,,Green,Value Realization Target Discussion,Not Started,0.0,2026-07-22,2026-07-22,,,,,1d,163,57.0,,,,,,,,,"UniSan Project Group, Zycus Product Specialist, Zycus Project Manager",,,,,
#UNPARSEABLE,#UNPARSEABLE,#UNPARSEABLE,,#UNPARSEABLE,2,Rajat Bothra,,,,Green,Configuration Documentation concluded,Not Started,0.0,2026-07-22,2026-07-22,,,,,0,156,57.0,,,,,,,,,,,,,,
#UNPARSEABLE,#UNPARSEABLE,#UNPARSEABLE,,#UNPARSEABLE,2,Rajat Bothra,,,,Green,First draft IAD Sign-off,Not Started,0.0,2026-07-21,2026-07-21,,,,,0,163,58.0,,,,,,,,,,,,,,
#UNPARSEABLE,#UNPARSEABLE,#UNPARSEABLE,,#UNPARSEABLE,1,Rajat Bothra,,,,Yellow,eProc and eInvoice and Merlin APSD,In Progress,0.21,2026-06-19,2026-08-04,,,,,33d,,48.0,,,,,,,,,,,,,,
#UNPARSEABLE,#UNPARSEABLE,#UNPARSEABLE,,#UNPARSEABLE,2,Rajat Bothra,,,,Green,eProc-einvoice Deployment,In Progress,0.08,2026-07-02,2026-07-20,,,,,13d,,59.0,,,,,,,,,,,,,,
#UNPARSEABLE,#UNPARSEABLE,#UNPARSEABLE,,#UNPARSEABLE,3,Rajat Bothra,,,,Green,Functional Configuration Finalization on STAGING set Up,In Progress,0.08,2026-07-02,2026-07-20,,,,,13d,,59.0,,,,,,,,,,,,,,
#UNPARSEABLE,#UNPARSEABLE,#UNPARSEABLE,,#UNPARSEABLE,4,Rajat Bothra,,,,Green,User Roles configuration,In Progress,0.5,2026-07-02,2026-07-03,,,,,2d,158FS +2d,23.0000001389,,,,,,,,,Zycus Product Specialist,,,,,
#UNPARSEABLE,#UNPARSEABLE,#UNPARSEABLE,,#UNPARSEABLE,4,Rajat Bothra,,,,Green,Admin settings configuration,Not Started,0.0,2026-07-06,2026-07-07,,,,,2d,170,23.0000001389,,,,,,,,,Zycus Product Specialist,,,,,
#UNPARSEABLE,#UNPARSEABLE,#UNPARSEABLE,,#UNPARSEABLE,4,Rajat Bothra,,,,Green,Readiness for Pre-UAT,Not Started,0.0,2026-07-08,2026-07-08,,,,,1d,171,23.0000001389,,,,,,,,,Zycus Product Specialist,,,,,
#UNPARSEABLE,#UNPARSEABLE,#UNPARSEABLE,,#UNPARSEABLE,4,Rajat Bothra,,,,Green,Pre-UAT on STAGING,Not Started,0.0,2026-07-09,2026-07-20,,,,,8d,,59.0,,,,,,,,,,,,,,
#UNPARSEABLE,#UNPARSEABLE,#UNPARSEABLE,,#UNPARSEABLE,5,Rajat Bothra,,,,Green,Pre-UAT - Provide End to end walkthrough of configured eProc and eInvoice to the Customer,Not Started,0.0,2026-07-09,2026-07-10,,,,,2d,172,23.0000001389,,,,,,,,,"Zycus Consultant, Zycus Product Specialist",,,,,
#UNPARSEABLE,#UNPARSEABLE,#UNPARSEABLE,,#UNPARSEABLE,5,Rajat Bothra,,,,Green,Provide feedback - if any for eProc configuration,Not Started,0.0,2026-07-13,2026-07-15,,,,,3d,174,23.0000001389,,,,,,,,,UniSan Project Manager,,,,,
#UNPARSEABLE,#UNPARSEABLE,#UNPARSEABLE,,#UNPARSEABLE,5,Rajat Bothra,,,,Green,Zycus to incorporate feedback - as applicable and share final version of Implementation Approach Document [IAD],Not Started,0.0,2026-07-16,2026-07-20,,,,,3d,"174, 175",23.0000001389,,,,,,,,,"Zycus Consultant, Zycus Product Specialist",,,,,
#UNPARSEABLE,#UNPARSEABLE,#UNPARSEABLE,,#UNPARSEABLE,5,Rajat Bothra,,,,Green,Sign off on Pre-UAT and final version of IAD,Not Started,0.0,2026-07-20,2026-07-20,,,,,0,176,21.0000001389,,,,,,,,,UniSan Project Manager,,,,,
#UNPARSEABLE,#UNPARSEABLE,#UNPARSEABLE,,#UNPARSEABLE,2,Rajat Bothra,,,,Green,eProc : Conclude Functional Configuration,Not Started,0.0,2026-07-20,2026-07-20,,,,,0,177,23.0000001736,,,,,,,,,,,,,,
#UNPARSEABLE,#UNPARSEABLE,#UNPARSEABLE,,#UNPARSEABLE,2,Rajat Bothra,,,,Red,Integrations eproc,In Progress,0.47,2026-06-19,2026-07-09,,,,,15d,,66.0,,,,,,,,,,,,,,
#UNPARSEABLE,#UNPARSEABLE,#UNPARSEABLE,,#UNPARSEABLE,3,Rajat Bothra,,,,Red,eProc Integration with SAP for Purchase order,In Progress,0.47,2026-06-19,2026-07-09,,,,,15d,,66.0,,,,,,,,,,,,,,
#UNPARSEABLE,#UNPARSEABLE,#UNPARSEABLE,,#UNPARSEABLE,4,Rajat Bothra,,,,Red,Integration Design,In Progress,0.88,2026-06-19,2026-06-24,,,,,4d,,77.0,,,,,,,,,,,,,,
#UNPARSEABLE,#UNPARSEABLE,#UNPARSEABLE,,#UNPARSEABLE,5,Rajat Bothra,,,,Green,Mapping activity for Integration,Completed,1.0,2026-06-19,2026-06-22,,,,,2d,152FS -6d,24.0000000347,,,,,,,,,"UniSan Integration Team, Zycus Integration Specialist",,,,,
#UNPARSEABLE,#UNPARSEABLE,#UNPARSEABLE,,#UNPARSEABLE,5,Rajat Bothra,,,,Green,Share TDD for interface,Completed,1.0,2026-06-23,2026-06-23,,,,,1d,182,61.0000001389,,,,,,,,,Zycus Integration Lead,,,,,
#UNPARSEABLE,#UNPARSEABLE,#UNPARSEABLE,,#UNPARSEABLE,5,Rajat Bothra,,,,Red,Review of TDD and share feedback with Zycus,In Progress,0.5,2026-06-24,2026-06-24,,,,,1d,183,61.0000001389,,,,,,,,,UniSan Integration Team,,,,,
#UNPARSEABLE,#UNPARSEABLE,#UNPARSEABLE,,#UNPARSEABLE,5,Rajat Bothra,,,,Red,Sign off on TDD,Not Started,0.0,2026-06-24,2026-06-24,,,,,0,184,61.0000001389,,,,,,,,,UniSan Integration Team,,,,,
#UNPARSEABLE,#UNPARSEABLE,#UNPARSEABLE,,#UNPARSEABLE,4,Rajat Bothra,,,,Red,Development and Testing on STAGING Set Up,In Progress,0.32,2026-06-25,2026-07-09,,,,,11d,,66.0,,,,,,,,,,,,,,
#UNPARSEABLE,#UNPARSEABLE,#UNPARSEABLE,,#UNPARSEABLE,5,Rajat Bothra,,,,Green,Integration set up and development at Zycus,In Progress,0.9,2026-06-29,2026-07-03,,,,,5d,185FS +2d,61.0000001389,,,,,,,,,Zycus Integration Specialist,,,,,
#UNPARSEABLE,#UNPARSEABLE,#UNPARSEABLE,,#UNPARSEABLE,5,Rajat Bothra,,,,Red,Integration development at UniSan - as applicable,Not Started,0.0,2026-06-25,2026-07-01,,,,,5d,185,61.0000001389,,,,,,,,,UniSan Integration Team,,,,,
#UNPARSEABLE,#UNPARSEABLE,#UNPARSEABLE,,#UNPARSEABLE,5,Rajat Bothra,,,,Green,Integration Unit Testing and Feedback Incorporation,Not Started,0.0,2026-07-06,2026-07-06,,,,,1d,"187, 188",61.0000001042,,,,,,,,,Zycus Integration Team,,,,,
#UNPARSEABLE,#UNPARSEABLE,#UNPARSEABLE,,#UNPARSEABLE,5,Rajat Bothra,,,,Green,Systems Integration Testing,Not Started,0.0,2026-07-07,2026-07-09,,,,,3d,,66.0,,,,,,,,,,,,,,
#UNPARSEABLE,#UNPARSEABLE,#UNPARSEABLE,,#UNPARSEABLE,6,Rajat Bothra,,,,Green,SIT on STAGING Set Up,Not Started,0.0,2026-07-07,2026-07-09,,,,,3d,189,62.0000000694,,,,,,,,,"UniSan Integration Team, Zycus Integration Team",,,,,
#UNPARSEABLE,#UNPARSEABLE,#UNPARSEABLE,,#UNPARSEABLE,6,Rajat Bothra,,,,Green,Sign off on SIT,Not Started,0.0,2026-07-09,2026-07-09,,,,,1d,191FF,66.0,,,,,,,,,UniSan Integration Team,,,,,
#UNPARSEABLE,#UNPARSEABLE,#UNPARSEABLE,,#UNPARSEABLE,3,Rajat Bothra,,,,Red,eProc Integration: Completion of Design,Not Started,0.0,2026-06-24,2026-06-24,,,,,0,181,77.0,,,,,,,,,,,,,,
#UNPARSEABLE,#UNPARSEABLE,#UNPARSEABLE,,#UNPARSEABLE,3,Rajat Bothra,,,,Green,eProc Integration: Completion of Development and Testing,Not Started,0.0,2026-07-09,2026-07-09,,,,,0,186,66.0,,,,,,,,,,,,,,
#UNPARSEABLE,#UNPARSEABLE,#UNPARSEABLE,,#UNPARSEABLE,3,Rajat Bothra,,,,Green,eProc Integration: Completion of SIT,Not Started,0.0,2026-07-09,2026-07-09,,,,,0,190,66.0,,,,,,,,,,,,,,
#UNPARSEABLE,#UNPARSEABLE,#UNPARSEABLE,,#UNPARSEABLE,2,Rajat Bothra,,,,Yellow,Integrations ASN,In Progress,0.42,2026-06-23,2026-07-14,,,,,16d,,63.0,,,,,,,,,,,,,,
#UNPARSEABLE,#UNPARSEABLE,#UNPARSEABLE,,#UNPARSEABLE,3,Rajat Bothra,,,,Yellow,eProc Integration with SAP for Purchase order,In Progress,0.42,2026-06-23,2026-07-14,,,,,16d,,63.0,,,,,,,,,,,,,,
#UNPARSEABLE,#UNPARSEABLE,#UNPARSEABLE,,#UNPARSEABLE,4,Rajat Bothra,,,,Red,Integration Design,In Progress,0.83,2026-06-23,2026-06-25,,,,,3d,,76.0,,,,,,,,,,,,,,
#UNPARSEABLE,#UNPARSEABLE,#UNPARSEABLE,,#UNPARSEABLE,5,Rajat Bothra,,,,Green,Mapping activity for Integration,Completed,1.0,2026-06-23,2026-06-23,,,,,1d,182,24.0000000347,,,,,,,,,"UniSan Integration Team, Zycus Integration Specialist",,,,,
#UNPARSEABLE,#UNPARSEABLE,#UNPARSEABLE,,#UNPARSEABLE,5,Rajat Bothra,,,,Green,Share TDD for interface,Completed,1.0,2026-06-24,2026-06-24,,,,,1d,199,24.0000000347,,,,,,,,,Zycus Integration Lead,,,,,
#UNPARSEABLE,#UNPARSEABLE,#UNPARSEABLE,,#UNPARSEABLE,5,Rajat Bothra,,,,Red,Review of TDD and share feedback with Zycus,In Progress,0.5,2026-06-25,2026-06-25,,,,,1d,200,66.0000000694,,,,,,,,,UniSan Integration Team,,,,,
#UNPARSEABLE,#UNPARSEABLE,#UNPARSEABLE,,#UNPARSEABLE,5,Rajat Bothra,,,,Red,Sign off on TDD,Not Started,0.0,2026-06-25,2026-06-25,,,,,0,201,66.0000000694,,,,,,,,,UniSan Integration Team,,,,,
#UNPARSEABLE,#UNPARSEABLE,#UNPARSEABLE,,#UNPARSEABLE,4,Rajat Bothra,,,,Yellow,Development and Testing on STAGING Set Up,In Progress,0.32,2026-06-26,2026-07-14,,,,,13d,,63.0,,,,,,,,,,,,,,
#UNPARSEABLE,#UNPARSEABLE,#UNPARSEABLE,,#UNPARSEABLE,5,Rajat Bothra,,,,Yellow,Integration set up and development at Zycus,In Progress,0.9,2026-06-26,2026-07-02,,,,,5d,202,66.0000001042,,,,,,,,,Zycus Integration Specialist,,,,,
#UNPARSEABLE,#UNPARSEABLE,#UNPARSEABLE,,#UNPARSEABLE,5,Rajat Bothra,,,,Red,Integration development at UniSan - as applicable,Not Started,0.0,2026-06-26,2026-07-02,,,,,5d,202,66.0000001042,,,,,,,,,UniSan Integration Team,,,,,
#UNPARSEABLE,#UNPARSEABLE,#UNPARSEABLE,,#UNPARSEABLE,5,Rajat Bothra,,,,Green,Integration Unit Testing and Feedback Incorporation,Not Started,0.0,2026-07-03,2026-07-03,,,,,1d,"204, 205",66.0000000694,,,,,,,,,Zycus Integration Team,,,,,
#UNPARSEABLE,#UNPARSEABLE,#UNPARSEABLE,,#UNPARSEABLE,5,Rajat Bothra,,,,Green,Systems Integration Testing,Not Started,0.0,2026-07-10,2026-07-14,,,,,3d,,63.0,,,,,,,,,,,,,,
#UNPARSEABLE,#UNPARSEABLE,#UNPARSEABLE,,#UNPARSEABLE,6,Rajat Bothra,,,,Green,SIT on STAGING Set Up,Not Started,0.0,2026-07-10,2026-07-14,,,,,3d,"206, 191",62.0000000347,,,,,,,,,"UniSan Integration Team, Zycus Integration Team",,,,,
#UNPARSEABLE,#UNPARSEABLE,#UNPARSEABLE,,#UNPARSEABLE,6,Rajat Bothra,,,,Green,Sign off on SIT,Not Started,0.0,2026-07-14,2026-07-14,,,,,1d,208FF,63.0,,,,,,,,,UniSan Integration Team,,,,,
#UNPARSEABLE,#UNPARSEABLE,#UNPARSEABLE,,#UNPARSEABLE,3,Rajat Bothra,,,,Red,eProc Integration: Completion of Design,Not Started,0.0,2026-06-25,2026-06-25,,,,,0,198,76.0,,,,,,,,,,,,,,
#UNPARSEABLE,#UNPARSEABLE,#UNPARSEABLE,,#UNPARSEABLE,3,Rajat Bothra,,,,Green,eProc Integration: Completion of Development and Testing,Not Started,0.0,2026-07-14,2026-07-14,,,,,0,203,63.0,,,,,,,,,,,,,,
#UNPARSEABLE,#UNPARSEABLE,#UNPARSEABLE,,#UNPARSEABLE,3,Rajat Bothra,,,,Green,eProc Integration: Completion of SIT,Not Started,0.0,2026-07-14,2026-07-14,,,,,0,207,63.0,,,,,,,,,,,,,,
#UNPARSEABLE,#UNPARSEABLE,#UNPARSEABLE,,#UNPARSEABLE,2,Rajat Bothra,,,,Yellow,Integrations eInvoice,Not Started,0.0,2026-07-01,2026-08-04,,,,,25d,,48.0,,,,,,,,,,,,,,
#UNPARSEABLE,#UNPARSEABLE,#UNPARSEABLE,,#UNPARSEABLE,3,Rajat Bothra,,,,Yellow,eInvoice Integration,Not Started,0.0,2026-07-01,2026-08-04,,,,,25d,,48.0,,,,,,,,,,,,,,
#UNPARSEABLE,#UNPARSEABLE,#UNPARSEABLE,,#UNPARSEABLE,4,Rajat Bothra,,,,Red,Integration Design,Not Started,0.0,2026-07-01,2026-07-06,,,,,4d,,69.0,,,,,,,,,,,,,,
#UNPARSEABLE,#UNPARSEABLE,#UNPARSEABLE,,#UNPARSEABLE,5,Rajat Bothra,,,,Red,Mapping activity for Integration,Not Started,0.0,2026-07-01,2026-07-01,,,,,1d,276,69.0000001042,,,,,,,,,"UniSan Integration Team, Zycus Integration Specialist",,,,,
#UNPARSEABLE,#UNPARSEABLE,#UNPARSEABLE,,#UNPARSEABLE,5,Rajat Bothra,,,,Red,Share TDD for interface,Not Started,0.0,2026-07-02,2026-07-02,,,,,1d,216,69.0000000694,,,,,,,,,Zycus Integration Lead,,,,,
#UNPARSEABLE,#UNPARSEABLE,#UNPARSEABLE,,#UNPARSEABLE,5,Rajat Bothra,,,,Green,Review of TDD and share feedback with Zycus,Not Started,0.0,2026-07-03,2026-07-03,,,,,1d,217,69.0000000347,,,,,,,,,UniSan Integration Team,,,,,
#UNPARSEABLE,#UNPARSEABLE,#UNPARSEABLE,,#UNPARSEABLE,5,Rajat Bothra,,,,Green,Sign off on TDD,Not Started,0.0,2026-07-06,2026-07-06,,,,,1d,218,69.0,,,,,,,,,UniSan Integration Team,,,,,
#UNPARSEABLE,#UNPARSEABLE,#UNPARSEABLE,,#UNPARSEABLE,4,Rajat Bothra,,,,Green,Development and Testing on STAGING Set Up,Not Started,0.0,2026-07-15,2026-08-04,,,,,15d,,48.0,,,,,,,,,,,,,,
#UNPARSEABLE,#UNPARSEABLE,#UNPARSEABLE,,#UNPARSEABLE,5,Rajat Bothra,,,,Green,Integration set up and development at Zycus,Not Started,0.0,2026-07-15,2026-07-21,,,,,5d,280,47.0000000694,,,,,,,,,Zycus Integration Specialist,,,,,
#UNPARSEABLE,#UNPARSEABLE,#UNPARSEABLE,,#UNPARSEABLE,5,Rajat Bothra,,,,Green,Integration development at UniSan - as applicable,Not Started,0.0,2026-07-22,2026-07-28,,,,,5d,221,47.0000001042,,,,,,,,,UniSan Integration Team,,,,,
#UNPARSEABLE,#UNPARSEABLE,#UNPARSEABLE,,#UNPARSEABLE,5,Rajat Bothra,,,,Green,Integration Unit Testing and Feedback Incorporation,Not Started,0.0,2026-07-29,2026-07-30,,,,,2d,"221, 222",47.0000000694,,,,,,,,,Zycus Integration Team,,,,,
#UNPARSEABLE,#UNPARSEABLE,#UNPARSEABLE,,#UNPARSEABLE,5,Rajat Bothra,,,,Green,Systems Integration Testing,Not Started,0.0,2026-07-31,2026-08-04,,,,,3d,,48.0,,,,,,,,,,,,,,
#UNPARSEABLE,#UNPARSEABLE,#UNPARSEABLE,,#UNPARSEABLE,6,Rajat Bothra,,,,Green,SIT on STAGING Set Up,Not Started,0.0,2026-07-31,2026-08-04,,,,,3d,223,47.0000000347,,,,,,,,,"UniSan Integration Team, Zycus Integration Team",,,,,
#UNPARSEABLE,#UNPARSEABLE,#UNPARSEABLE,,#UNPARSEABLE,6,Rajat Bothra,,,,Green,Sign off on SIT,Not Started,0.0,2026-08-04,2026-08-04,,,,,1d,225FF,48.0,,,,,,,,,UniSan Integration Team,,,,,
#UNPARSEABLE,#UNPARSEABLE,#UNPARSEABLE,,#UNPARSEABLE,3,Rajat Bothra,,,,Green,eInvoice Integration: Completion of Design,Not Started,0.0,2026-07-06,2026-07-06,,,,,0,215,69.0,,,,,,,,,,,,,,
#UNPARSEABLE,#UNPARSEABLE,#UNPARSEABLE,,#UNPARSEABLE,3,Rajat Bothra,,,,Green,eInvoice Integration: Completion of Development and Testing,Not Started,0.0,2026-08-04,2026-08-04,,,,,0,220,48.0,,,,,,,,,,,,,,
#UNPARSEABLE,#UNPARSEABLE,#UNPARSEABLE,,#UNPARSEABLE,3,Rajat Bothra,,,,Green,eInvoice Integration: Completion of SIT,Not Started,0.0,2026-08-04,2026-08-04,,,,,0,224,48.0,,,,,,,,,,,,,,
#UNPARSEABLE,#UNPARSEABLE,#UNPARSEABLE,,#UNPARSEABLE,1,Rajat Bothra,,,,Green,Contract Management with Basic Setup,In Progress,0.03,2026-07-14,2026-08-07,,,,,19d,,45.0,,,,,,,,,,,,,,
#UNPARSEABLE,#UNPARSEABLE,#UNPARSEABLE,,#UNPARSEABLE,2,Rajat Bothra,,,,Green,iContract Deployment (Repository + Authoring),Not Started,0.0,2026-07-22,2026-07-28,,,,,5d,,53.0,,,,,,,,,,,,,,
#UNPARSEABLE,#UNPARSEABLE,#UNPARSEABLE,,#UNPARSEABLE,3,Rajat Bothra,,,,Green,Functional Configuration on STAGING set Up,Not Started,0.0,2026-07-22,2026-07-28,,,,,5d,,53.0,,,,,,,,,,,,,,
#UNPARSEABLE,#UNPARSEABLE,#UNPARSEABLE,,#UNPARSEABLE,4,Rajat Bothra,,,,Green,User Role Configuration,Not Started,0.0,2026-07-22,2026-07-22,,,,,1d,163,23.0000000347,,,,,,,,,Zycus Product Specialist,,,,,
#UNPARSEABLE,#UNPARSEABLE,#UNPARSEABLE,,#UNPARSEABLE,4,Rajat Bothra,,,,Green,Admin Settings Configuration,Not Started,0.0,2026-07-22,2026-07-22,,,,,0,233,57.0,,,,,,,,,Zycus Product Specialist,,,,,
#UNPARSEABLE,#UNPARSEABLE,#UNPARSEABLE,,#UNPARSEABLE,4,Rajat Bothra,,,,Green,Readiness for Pre-UAT,Not Started,0.0,2026-07-23,2026-07-23,,,,,1d,233,23.0000001389,,,,,,,,,Zycus Product Specialist,,,,,
#UNPARSEABLE,#UNPARSEABLE,#UNPARSEABLE,,#UNPARSEABLE,4,Rajat Bothra,,,,Green,Pre-UAT,Not Started,0.0,2026-07-24,2026-07-28,,,,,3d,,53.0,,,,,,,,,,,,,,
#UNPARSEABLE,#UNPARSEABLE,#UNPARSEABLE,,#UNPARSEABLE,5,Rajat Bothra,,,,Green,Pre-UAT - Provide End to end walkthrough of configured iContract to UniSan,Not Started,0.0,2026-07-24,2026-07-24,,,,,1d,235,16.0000001389,,,,,,,,,"UniSan Core Project Team, Zycus Consultant, Zycus Product Specialist",,,,,
#UNPARSEABLE,#UNPARSEABLE,#UNPARSEABLE,,#UNPARSEABLE,5,Rajat Bothra,,,,Green,Provide feedback - if any for iContract configuration,Not Started,0.0,2026-07-27,2026-07-28,,,,,2d,237,13.0000000347,,,,,,,,,UniSan Project Team,,,,,
#UNPARSEABLE,#UNPARSEABLE,#UNPARSEABLE,,#UNPARSEABLE,5,Rajat Bothra,,,,Green,Zycus to incorporate feedback - as applicable and share final version of Implementation Approach Document [IAD],Not Started,0.0,2026-07-28,2026-07-28,,,,,1d,238SS +1d,23.0000001389,,,,,,,,,"Zycus Consultant, Zycus Product Specialist",,,,,
#UNPARSEABLE,#UNPARSEABLE,#UNPARSEABLE,,#UNPARSEABLE,5,Rajat Bothra,,,,Green,Sign off on Pre-UAT and final version of IAD sign off,Not Started,0.0,2026-07-28,2026-07-28,,,,,0,239,21.0000001389,,,,,,,,,UniSan Project Manager,,,,,
#UNPARSEABLE,#UNPARSEABLE,#UNPARSEABLE,,#UNPARSEABLE,2,Rajat Bothra,,,,Green,iContract: Conclude Functional Configuration,Not Started,0.0,2026-07-29,2026-08-04,,,,,5d,240,48.0,,,,,,,,,,,,,,
#UNPARSEABLE,#UNPARSEABLE,#UNPARSEABLE,,#UNPARSEABLE,2,Rajat Bothra,,,,Green,"Historical contracts Bulk Upload [up to 25,000 contracts]",In Progress,0.05,2026-07-14,2026-08-07,,,,,19d,,45.0,,,,,,,,,,,,,,
#UNPARSEABLE,#UNPARSEABLE,#UNPARSEABLE,,#UNPARSEABLE,3,Rajat Bothra,,,,Green,Zycus to provide walkthrough of shared template to UniSan,In Progress,0.4,2026-07-14,2026-07-14,,,,,1d,240FS -11d,41.0000002083,,,,,,,,,"UniSan Project Team, Zycus Product Specialist",,,,,
#UNPARSEABLE,#UNPARSEABLE,#UNPARSEABLE,,#UNPARSEABLE,3,Rajat Bothra,,,,Green,UniSan to provide historical contracts details for Bulk Upload,In Progress,0.4,2026-07-15,2026-07-16,,,,,2d,243,43.0000001736,,,,,,,,,UniSan IT Team,,,,,
#UNPARSEABLE,#UNPARSEABLE,#UNPARSEABLE,,#UNPARSEABLE,3,Rajat Bothra,,,,Green,Zycus to review shared details and provide feedback - if any,Not Started,0.0,2026-07-15,2026-07-16,,,,,2d,244FF,43.0000001389,,,,,,,,,Zycus Product Specialist,,,,,
#UNPARSEABLE,#UNPARSEABLE,#UNPARSEABLE,,#UNPARSEABLE,3,Rajat Bothra,,,,Green,UniSan to incorporate feedback and provide revised final details of historical contracts for bulk upload into iContract,Not Started,0.0,2026-07-17,2026-07-20,,,,,2d,245,45.0000000694,,,,,,,,,UniSan IT Team,,,,,
#UNPARSEABLE,#UNPARSEABLE,#UNPARSEABLE,,#UNPARSEABLE,3,Rajat Bothra,,,,Green,Zycus to ensure supplier details availability in STAGING,Not Started,0.0,2026-07-17,2026-07-20,,,,,2d,"246FF, 266",45.0000001042,,,,,,,,,Zycus Product Specialist,,,,,
#UNPARSEABLE,#UNPARSEABLE,#UNPARSEABLE,,#UNPARSEABLE,3,Rajat Bothra,,,,Green,Zycus to bulk upload historical contracts details in STGAING [10 contracts for each Type/Subtype],Not Started,0.0,2026-07-21,2026-07-22,,,,,2d,"246, 247",45.0000000694,,,,,,,,,Zycus Product Specialist,,,,,
#UNPARSEABLE,#UNPARSEABLE,#UNPARSEABLE,,#UNPARSEABLE,3,Rajat Bothra,,,,Green,UniSan to review uploaded details and provide go ahead for bulk upload into PRODUCTION,Not Started,0.0,2026-07-23,2026-07-24,,,,,2d,"248, 269",45.0000000347,,,,,,,,,UniSan Project Team,,,,,
#UNPARSEABLE,#UNPARSEABLE,#UNPARSEABLE,,#UNPARSEABLE,3,Rajat Bothra,,,,Green,Zycus to bulk upload historical contracts details in Production,Not Started,0.0,2026-07-27,2026-08-07,,,,,10d,249,45.0,,,,,,,,,Zycus Product Specialist,,,,,
#UNPARSEABLE,#UNPARSEABLE,#UNPARSEABLE,,#UNPARSEABLE,1,Rajat Bothra,,,,Red,Supplier Information Management with Integration,In Progress,0.12,2026-06-12,2026-08-11,,,,,43d,,43.0,,,,,,,,,,,,,,
#UNPARSEABLE,#UNPARSEABLE,#UNPARSEABLE,,#UNPARSEABLE,2,Rajat Bothra,,,,Red,iSupplier Deployment,In Progress,0.13,2026-06-12,2026-08-11,,,,,43d,,43.0,,,,,,,,,,,,,,
#UNPARSEABLE,#UNPARSEABLE,#UNPARSEABLE,,#UNPARSEABLE,3,Rajat Bothra,,,,Red,Design & Development on STAGING Set UP,In Progress,0.13,2026-06-12,2026-08-11,,,,,43d,,43.0,,,,,,,,,,,,,,
#UNPARSEABLE,#UNPARSEABLE,#UNPARSEABLE,,#UNPARSEABLE,4,Rajat Bothra,,,,Green,"Users,Roles,Workflow & View Definition Configuration",Not Started,0.0,2026-07-22,2026-07-22,,,,,1d,,23.0000001389,,,,,,,,,,,,,,
#UNPARSEABLE,#UNPARSEABLE,#UNPARSEABLE,,#UNPARSEABLE,5,Rajat Bothra,,,,Green,"Configure User Roles, View Definition and Workflow as per IAD",Not Started,0.0,2026-07-22,2026-07-22,,,,,1d,163,42.0000000694,,,,,,,,,Zycus Product Specialist,,,,,
#UNPARSEABLE,#UNPARSEABLE,#UNPARSEABLE,,#UNPARSEABLE,5,Rajat Bothra,,,,Green,UniSan to provide feedback,Not Started,0.0,2026-07-22,2026-07-22,,,,,0,255,42.0000000694,,,,,,,,,"UniSan Core Project Team, UniSan Subject Matter Expert",,,,,
#UNPARSEABLE,#UNPARSEABLE,#UNPARSEABLE,,#UNPARSEABLE,4,Rajat Bothra,,,,Red,Pre-UAT on STAGING Set UP,In Progress,0.05,2026-06-12,2026-07-22,,,,,29d,,57.0,,,,,,,,,,,,,,
#UNPARSEABLE,#UNPARSEABLE,#UNPARSEABLE,,#UNPARSEABLE,5,Rajat Bothra,,,,Green,Pre-UAT - Provide End to end walkthrough of configured iSupplier to UniSan,Not Started,0.0,2026-07-22,2026-07-22,,,,,0,254,23.0000001389,,,,,,,,,"Zycus Consultant, Zycus Product Specialist",,,,,
#UNPARSEABLE,#UNPARSEABLE,#UNPARSEABLE,,#UNPARSEABLE,5,Rajat Bothra,,,,Green,Provide feedback - if any for iSupplier configuration,Not Started,0.0,2026-07-22,2026-07-22,,,,,0,258,23.0000001389,,,,,,,,,UniSan Project Team,,,,,
#UNPARSEABLE,#UNPARSEABLE,#UNPARSEABLE,,#UNPARSEABLE,5,Rajat Bothra,,,,Green,Zycus to incorporate feedback - as applicable and share final version of Implementation Approach Document [IAD],Not Started,0.0,2026-07-22,2026-07-22,,,,,0,"258, 259",22.0000001736,,,,,,,,,Zycus Consultant,,,,,
#UNPARSEABLE,#UNPARSEABLE,#UNPARSEABLE,,#UNPARSEABLE,5,Rajat Bothra,,,,Green,Sign off on Pre-UAT and final version of IAD,Not Started,0.0,2026-07-22,2026-07-22,,,,,0,260,21.0000001389,,,,,,,,,"UniSan Project Manager, Zycus Project Manager",,,,,
#UNPARSEABLE,#UNPARSEABLE,#UNPARSEABLE,,#UNPARSEABLE,5,Rajat Bothra,,,,Red,Supplier Bulk Upload on STAGING,In Progress,0.05,2026-06-12,2026-07-15,,,,,24d,,62.0,,,,,,,,,,,,,,
#UNPARSEABLE,#UNPARSEABLE,#UNPARSEABLE,,#UNPARSEABLE,6,Rajat Bothra,,,,Red,UniSan to provide supplier bulk upload data in the template provided by Zycus from UniSan's Staging environment,In Progress,0.5,2026-06-12,2026-06-12,,,,,1d,260FS -29d,45.0000000347,,,,,,,,,"UniSan IT Project Manager, UniSan IT Team, UniSan Project Manager",,,,,
#UNPARSEABLE,#UNPARSEABLE,#UNPARSEABLE,,#UNPARSEABLE,6,Rajat Bothra,,,,Red,Zycus to review the files and provide feedback,In Progress,0.5,2026-06-15,2026-06-15,,,,,1d,263,45.0000000347,,,,,,,,,Zycus Product Specialist,,,,,
#UNPARSEABLE,#UNPARSEABLE,#UNPARSEABLE,,#UNPARSEABLE,6,Rajat Bothra,,,,Red,UniSan to provide updated bulk upload data,Not Started,0.0,2026-06-23,2026-06-24,,,,,2d,264FS +5d,45.0000000347,,,,,,,,,"UniSan IT Project Manager, UniSan IT Team, UniSan Project Manager",,,,,
#UNPARSEABLE,#UNPARSEABLE,#UNPARSEABLE,,#UNPARSEABLE,6,Rajat Bothra,,,,Red,Zycus to bulk upload supplier data on STAGING setup,Not Started,0.0,2026-06-25,2026-06-26,,,,,2d,265,45.0000000347,,,,,,,,,Zycus Product Specialist,,,,,
#UNPARSEABLE,#UNPARSEABLE,#UNPARSEABLE,,#UNPARSEABLE,6,Rajat Bothra,,,,Red,UniSan to review bulk uploaded data,Not Started,0.0,2026-06-29,2026-07-01,,,,,3d,266,49.0000001389,,,,,,,,,UniSan Core Project Team,,,,,
#UNPARSEABLE,#UNPARSEABLE,#UNPARSEABLE,,#UNPARSEABLE,6,Rajat Bothra,,,,Red,UniSan to sign off on supplier bulk upload,Not Started,0.0,2026-07-01,2026-07-01,,,,,1d,267FF,50.0000001042,,,,,,,,,UniSan Project Manager,,,,,
#UNPARSEABLE,#UNPARSEABLE,#UNPARSEABLE,,#UNPARSEABLE,6,Rajat Bothra,,,,Yellow,UniSan Prod migration Supplier,Not Started,0.0,2026-07-02,2026-07-15,,,,,10d,268,50.0000000694,,,,,,,,,Zycus Product Specialist,,,,,
#UNPARSEABLE,#UNPARSEABLE,#UNPARSEABLE,,#UNPARSEABLE,4,Rajat Bothra,,,,Green,Integration iSupplier,In Progress,0.38,2026-06-25,2026-07-16,,,,,16d,,61.0,,,,,,,,,,,,,,
#UNPARSEABLE,#UNPARSEABLE,#UNPARSEABLE,,#UNPARSEABLE,5,Rajat Bothra,,,,Green,iSupplier Integration,In Progress,0.38,2026-06-25,2026-07-16,,,,,16d,,61.0,,,,,,,,,,,,,,
#UNPARSEABLE,#UNPARSEABLE,#UNPARSEABLE,,#UNPARSEABLE,6,Rajat Bothra,,,,Red,Integration Design,In Progress,0.63,2026-06-25,2026-06-30,,,,,4d,,73.0,,,,,,,,,,,,,,
#UNPARSEABLE,#UNPARSEABLE,#UNPARSEABLE,,#UNPARSEABLE,7,Rajat Bothra,,,,Green,Mapping activity for Integration,Completed,1.0,2026-06-25,2026-06-25,,,,,1d,200,24.0000000347,,,,,,,,,"UniSan Integration Team, Zycus Integration Specialist",,,,,
#UNPARSEABLE,#UNPARSEABLE,#UNPARSEABLE,,#UNPARSEABLE,7,Rajat Bothra,,,,Green,Share TDD for interface,Completed,1.0,2026-06-26,2026-06-26,,,,,1d,273,27.0000000347,,,,,,,,,Zycus Integration Lead,,,,,
#UNPARSEABLE,#UNPARSEABLE,#UNPARSEABLE,,#UNPARSEABLE,7,Rajat Bothra,,,,Red,Review of TDD and share feedback with Zycus,In Progress,0.5,2026-06-29,2026-06-29,,,,,1d,274,24.0000000347,,,,,,,,,UniSan Integration Team,,,,,
#UNPARSEABLE,#UNPARSEABLE,#UNPARSEABLE,,#UNPARSEABLE,7,Rajat Bothra,,,,Red,Sign off on TDD,Not Started,0.0,2026-06-30,2026-06-30,,,,,1d,275,27.0000000347,,,,,,,,,UniSan Integration Team,,,,,
#UNPARSEABLE,#UNPARSEABLE,#UNPARSEABLE,,#UNPARSEABLE,6,Rajat Bothra,,,,Green,Development and Testing on STAGING Set Up,In Progress,0.29,2026-07-01,2026-07-16,,,,,12d,,61.0,,,,,,,,,,,,,,
#UNPARSEABLE,#UNPARSEABLE,#UNPARSEABLE,,#UNPARSEABLE,7,Rajat Bothra,,,,Green,Integration set up and development at Zycus,In Progress,0.8,2026-07-06,2026-07-10,,,,,5d,276FS +3d,24.0000000347,,,,,,,,,Zycus Integration Specialist,,,,,
#UNPARSEABLE,#UNPARSEABLE,#UNPARSEABLE,,#UNPARSEABLE,7,Rajat Bothra,,,,Red,Integration development at UniSan - as applicable,Not Started,0.0,2026-07-01,2026-07-07,,,,,5d,276,24.0000000347,,,,,,,,,UniSan Integration Team,,,,,
#UNPARSEABLE,#UNPARSEABLE,#UNPARSEABLE,,#UNPARSEABLE,7,Rajat Bothra,,,,Green,Integration Unit Testing and Feedback Incorporation,Not Started,0.0,2026-07-13,2026-07-14,,,,,2d,"278, 279",24.0000000347,,,,,,,,,Zycus Integration Team,,,,,
#UNPARSEABLE,#UNPARSEABLE,#UNPARSEABLE,,#UNPARSEABLE,7,Rajat Bothra,,,,Green,Systems Integration Testing,Not Started,0.0,2026-07-15,2026-07-16,,,,,2d,,61.0,,,,,,,,,,,,,,
#UNPARSEABLE,#UNPARSEABLE,#UNPARSEABLE,,#UNPARSEABLE,8,Rajat Bothra,,,,Green,SIT on STAGING Set Up,Not Started,0.0,2026-07-15,2026-07-16,,,,,2d,280,23.0000000347,,,,,,,,,"UniSan Integration Team, Zycus Integration Team",,,,,
#UNPARSEABLE,#UNPARSEABLE,#UNPARSEABLE,,#UNPARSEABLE,8,Rajat Bothra,,,,Green,Sign off on SIT,Not Started,0.0,2026-07-16,2026-07-16,,,,,1d,282FF,23.0000001736,,,,,,,,,UniSan Integration Team,,,,,
#UNPARSEABLE,#UNPARSEABLE,#UNPARSEABLE,,#UNPARSEABLE,5,Rajat Bothra,,,,Red,eInvoice Integration: Completion of Design,Not Started,0.0,2026-06-30,2026-06-30,,,,,0,272,73.0,,,,,,,,,,,,,,
#UNPARSEABLE,#UNPARSEABLE,#UNPARSEABLE,,#UNPARSEABLE,5,Rajat Bothra,,,,Green,eInvoice Integration: Completion of Development and Testing,Not Started,0.0,2026-07-16,2026-07-16,,,,,0,277,61.0,,,,,,,,,,,,,,
#UNPARSEABLE,#UNPARSEABLE,#UNPARSEABLE,,#UNPARSEABLE,5,Rajat Bothra,,,,Green,eInvoice Integration: Completion of SIT,Not Started,0.0,2026-07-16,2026-07-16,,,,,0,281,61.0,,,,,,,,,,,,,,
#UNPARSEABLE,#UNPARSEABLE,#UNPARSEABLE,,#UNPARSEABLE,4,Rajat Bothra,,,,Green,Integration iSupplier - Exiger,Not Started,0.0,2026-07-23,2026-08-11,,,,,14d,,43.0,,,,,,,,,,,,,,
#UNPARSEABLE,#UNPARSEABLE,#UNPARSEABLE,,#UNPARSEABLE,5,Rajat Bothra,,,,Green,iSupplier Integration,Not Started,0.0,2026-07-23,2026-08-11,,,,,14d,,43.0,,,,,,,,,,,,,,
#UNPARSEABLE,#UNPARSEABLE,#UNPARSEABLE,,#UNPARSEABLE,6,Rajat Bothra,,,,Green,Integration Design,Not Started,0.0,2026-07-23,2026-07-28,,,,,4d,,53.0,,,,,,,,,,,,,,
#UNPARSEABLE,#UNPARSEABLE,#UNPARSEABLE,,#UNPARSEABLE,7,Rajat Bothra,,,,Green,Mapping activity for Integration,Not Started,0.0,2026-07-23,2026-07-23,,,,,1d,256,42.0000000694,,,,,,,,,"UniSan Integration Team, Zycus Integration Specialist",,,,,
#UNPARSEABLE,#UNPARSEABLE,#UNPARSEABLE,,#UNPARSEABLE,7,Rajat Bothra,,,,Green,Share TDD for interface,Not Started,0.0,2026-07-24,2026-07-24,,,,,1d,290,42.0000000694,,,,,,,,,Zycus Integration Lead,,,,,
#UNPARSEABLE,#UNPARSEABLE,#UNPARSEABLE,,#UNPARSEABLE,7,Rajat Bothra,,,,Green,Review of TDD and share feedback with Zycus,Not Started,0.0,2026-07-27,2026-07-27,,,,,1d,291,42.0000000694,,,,,,,,,UniSan Integration Team,,,,,
#UNPARSEABLE,#UNPARSEABLE,#UNPARSEABLE,,#UNPARSEABLE,7,Rajat Bothra,,,,Green,Sign off on TDD,Not Started,0.0,2026-07-28,2026-07-28,,,,,1d,292,42.0000000694,,,,,,,,,UniSan Integration Team,,,,,
#UNPARSEABLE,#UNPARSEABLE,#UNPARSEABLE,,#UNPARSEABLE,6,Rajat Bothra,,,,Green,Development and Testing on STAGING Set Up,Not Started,0.0,2026-07-29,2026-08-11,,,,,10d,,43.0,,,,,,,,,,,,,,
#UNPARSEABLE,#UNPARSEABLE,#UNPARSEABLE,,#UNPARSEABLE,7,Rajat Bothra,,,,Green,Integration set up and development at Zycus,Not Started,0.0,2026-07-29,2026-08-04,,,,,5d,293,42.0000001042,,,,,,,,,Zycus Integration Specialist,,,,,
#UNPARSEABLE,#UNPARSEABLE,#UNPARSEABLE,,#UNPARSEABLE,7,Rajat Bothra,,,,Green,Integration development at UniSan - as applicable,Not Started,0.0,2026-07-29,2026-08-04,,,,,5d,293,42.0000001042,,,,,,,,,UniSan Integration Team,,,,,
#UNPARSEABLE,#UNPARSEABLE,#UNPARSEABLE,,#UNPARSEABLE,7,Rajat Bothra,,,,Green,Integration Unit Testing and Feedback Incorporation,Not Started,0.0,2026-08-05,2026-08-06,,,,,2d,"295, 296",42.0000000694,,,,,,,,,Zycus Integration Team,,,,,
#UNPARSEABLE,#UNPARSEABLE,#UNPARSEABLE,,#UNPARSEABLE,7,Rajat Bothra,,,,Green,Systems Integration Testing,Not Started,0.0,2026-08-07,2026-08-11,,,,,3d,,43.0,,,,,,,,,,,,,,
#UNPARSEABLE,#UNPARSEABLE,#UNPARSEABLE,,#UNPARSEABLE,8,Rajat Bothra,,,,Green,SIT on STAGING Set Up,Not Started,0.0,2026-08-07,2026-08-11,,,,,3d,297,42.0000000347,,,,,,,,,"UniSan Integration Team, Zycus Integration Team",,,,,
#UNPARSEABLE,#UNPARSEABLE,#UNPARSEABLE,,#UNPARSEABLE,8,Rajat Bothra,,,,Green,Sign off on SIT,Not Started,0.0,2026-08-11,2026-08-11,,,,,1d,299FF,43.0,,,,,,,,,UniSan Integration Team,,,,,
#UNPARSEABLE,#UNPARSEABLE,#UNPARSEABLE,,#UNPARSEABLE,5,Rajat Bothra,,,,Green,eInvoice Integration: Completion of Design,Not Started,0.0,2026-07-28,2026-07-28,,,,,0,289,53.0,,,,,,,,,,,,,,
#UNPARSEABLE,#UNPARSEABLE,#UNPARSEABLE,,#UNPARSEABLE,5,Rajat Bothra,,,,Green,eInvoice Integration: Completion of Development and Testing,Not Started,0.0,2026-08-11,2026-08-11,,,,,0,294,43.0,,,,,,,,,,,,,,
#UNPARSEABLE,#UNPARSEABLE,#UNPARSEABLE,,#UNPARSEABLE,5,Rajat Bothra,,,,Green,eInvoice Integration: Completion of SIT,Not Started,0.0,2026-08-11,2026-08-11,,,,,0,298,43.0,,,,,,,,,,,,,,
#UNPARSEABLE,#UNPARSEABLE,#UNPARSEABLE,,#UNPARSEABLE,2,Rajat Bothra,,,,Green,iSupplier: Conclude Functional Configuration,Not Started,0.0,2026-07-22,2026-07-22,,,,,0,257,57.0,,,,,,,,,,,,,,
#UNPARSEABLE,#UNPARSEABLE,#UNPARSEABLE,,#UNPARSEABLE,2,Rajat Bothra,,,,Green,Value KPI Report creation on Staging,Not Started,0.0,2026-07-23,2026-07-24,,,,,2d,261,51.0000000694,,,,,,,,,"UniSan Project Group, Zycus Product Specialist, Zycus Project Manager",,,,,
#UNPARSEABLE,#UNPARSEABLE,#UNPARSEABLE,,#UNPARSEABLE,2,Rajat Bothra,,,,Green,Value KPI Report demo on Staging,Not Started,0.0,2026-07-27,2026-07-28,,,,,2d,305,51.0000000347,,,,,,,,,"UniSan Project Group, Zycus Product Specialist, Zycus Project Manager",,,,,
#UNPARSEABLE,#UNPARSEABLE,#UNPARSEABLE,,#UNPARSEABLE,1,Rajat Bothra,,,,Green,iSource Configuration,Not Started,0.0,2026-07-22,2026-08-06,,,,,12d,,46.0,,,,,,,,,,,,,,
#UNPARSEABLE,#UNPARSEABLE,#UNPARSEABLE,,#UNPARSEABLE,2,Rajat Bothra,,,,Green,iSource Deployment,Not Started,0.0,2026-07-22,2026-08-06,,,,,12d,,46.0,,,,,,,,,,,,,,
#UNPARSEABLE,#UNPARSEABLE,#UNPARSEABLE,,#UNPARSEABLE,3,Rajat Bothra,,,,Green,Functional Configuration Finalization on STAGING set Up,Not Started,0.0,2026-07-22,2026-08-06,,,,,12d,,46.0,,,,,,,,,,,,,,
#UNPARSEABLE,#UNPARSEABLE,#UNPARSEABLE,,#UNPARSEABLE,4,Rajat Bothra,,,,Green,User Roles configuration,Not Started,0.0,2026-07-22,2026-07-22,,,,,1d,163,0.0,1.0,,,,,,,,Zycus Product Specialist,,,,,
#UNPARSEABLE,#UNPARSEABLE,#UNPARSEABLE,,#UNPARSEABLE,4,Rajat Bothra,,,,Green,Admin settings configuration,Not Started,0.0,2026-07-23,2026-07-24,,,,,2d,310,0.0,1.0,,,,,,,,Zycus Product Specialist,,,,,
#UNPARSEABLE,#UNPARSEABLE,#UNPARSEABLE,,#UNPARSEABLE,4,Rajat Bothra,,,,Green,Readiness for Pre-UAT,Not Started,0.0,2026-07-27,2026-07-28,,,,,2d,311,0.0,1.0,,,,,,,,Zycus Product Specialist,,,,,
#UNPARSEABLE,#UNPARSEABLE,#UNPARSEABLE,,#UNPARSEABLE,4,Rajat Bothra,,,,Green,Pre-UAT on STAGING,Not Started,0.0,2026-07-29,2026-08-06,,,,,7d,,46.0,,,,,,,,,,,,,,
#UNPARSEABLE,#UNPARSEABLE,#UNPARSEABLE,,#UNPARSEABLE,5,Rajat Bothra,,,,Green,Pre-UAT - Provide End to end walkthrough of configured iSource to the Customer,Not Started,0.0,2026-07-29,2026-07-30,,,,,2d,312,0.0,1.0,,,,,,,,"Zycus Consultant, Zycus Product Specialist",,,,,
#UNPARSEABLE,#UNPARSEABLE,#UNPARSEABLE,,#UNPARSEABLE,5,Rajat Bothra,,,,Green,Provide feedback - if any for iSource configuration,Not Started,0.0,2026-07-31,2026-08-04,,,,,3d,314,0.0,1.0,,,,,,,,UniSan Project Manager,,,,,
#UNPARSEABLE,#UNPARSEABLE,#UNPARSEABLE,,#UNPARSEABLE,5,Rajat Bothra,,,,Green,Zycus to incorporate feedback - as applicable and share final version of Implementation Approach Document [IAD],Not Started,0.0,2026-08-05,2026-08-06,,,,,2d,"314, 315",0.0,1.0,,,,,,,,"Zycus Consultant, Zycus Product Specialist",,,,,
#UNPARSEABLE,#UNPARSEABLE,#UNPARSEABLE,,#UNPARSEABLE,5,Rajat Bothra,,,,Green,Sign off on Pre-UAT and final version of IAD,Not Started,0.0,2026-08-06,2026-08-06,,,,,0,316,0.0,1.0,,,,,,,,UniSan Project Manager,,,,,
#UNPARSEABLE,#UNPARSEABLE,#UNPARSEABLE,,#UNPARSEABLE,2,Rajat Bothra,,,,Green,iSource : Conclude Functional Configuration,Not Started,0.0,2026-08-06,2026-08-06,,,,,0,317,23.0000001736,,,,,,,,,,,,,,
#UNPARSEABLE,#UNPARSEABLE,#UNPARSEABLE,,#UNPARSEABLE,1,Rajat Bothra,,,,Green,Merlin Intake Configuration,Not Started,0.0,2026-07-22,2026-08-05,,,,,11d,,47.0,,,,,,,,,,,,,,
#UNPARSEABLE,#UNPARSEABLE,#UNPARSEABLE,,#UNPARSEABLE,2,Rajat Bothra,,,,Green,Merlin intake Deployment,Not Started,0.0,2026-07-22,2026-08-05,,,,,11d,,47.0,,,,,,,,,,,,,,
#UNPARSEABLE,#UNPARSEABLE,#UNPARSEABLE,,#UNPARSEABLE,3,Rajat Bothra,,,,Green,Functional Configuration Finalization on STAGING set Up,Not Started,0.0,2026-07-22,2026-08-05,,,,,11d,,47.0,,,,,,,,,,,,,,
#UNPARSEABLE,#UNPARSEABLE,#UNPARSEABLE,,#UNPARSEABLE,4,Rajat Bothra,,,,Green,User Roles configuration,Not Started,0.0,2026-07-22,2026-07-22,,,,,1d,163,4.0000002778,,,,,,,,,Zycus Product Specialist,,,,,
#UNPARSEABLE,#UNPARSEABLE,#UNPARSEABLE,,#UNPARSEABLE,4,Rajat Bothra,,,,Green,Admin settings configuration,Not Started,0.0,2026-07-23,2026-07-24,,,,,2d,322,4.0000002778,,,,,,,,,Zycus Product Specialist,,,,,
#UNPARSEABLE,#UNPARSEABLE,#UNPARSEABLE,,#UNPARSEABLE,4,Rajat Bothra,,,,Green,Readiness for Pre-UAT,Not Started,0.0,2026-07-27,2026-07-28,,,,,2d,323,4.0000002778,,,,,,,,,Zycus Product Specialist,,,,,
#UNPARSEABLE,#UNPARSEABLE,#UNPARSEABLE,,#UNPARSEABLE,4,Rajat Bothra,,,,Green,Pre-UAT on STAGING,Not Started,0.0,2026-07-29,2026-08-05,,,,,6d,,47.0,,,,,,,,,,,,,,
#UNPARSEABLE,#UNPARSEABLE,#UNPARSEABLE,,#UNPARSEABLE,5,Rajat Bothra,,,,Green,Pre-UAT - Provide End to end walkthrough of configured Merlin Intake to the Customer,Not Started,0.0,2026-07-29,2026-07-30,,,,,2d,324,4.0000002778,,,,,,,,,"Zycus Consultant, Zycus Product Specialist",,,,,
#UNPARSEABLE,#UNPARSEABLE,#UNPARSEABLE,,#UNPARSEABLE,5,Rajat Bothra,,,,Green,Provide feedback - if any for Merlin Intake configuration,Not Started,0.0,2026-07-31,2026-08-03,,,,,2d,326,4.0000002778,,,,,,,,,UniSan Project Manager,,,,,
#UNPARSEABLE,#UNPARSEABLE,#UNPARSEABLE,,#UNPARSEABLE,5,Rajat Bothra,,,,Green,Zycus to incorporate feedback - as applicable and share final version of Implementation Approach Document [IAD],Not Started,0.0,2026-08-04,2026-08-05,,,,,2d,"326, 327",4.0000002778,,,,,,,,,"Zycus Consultant, Zycus Product Specialist",,,,,
#UNPARSEABLE,#UNPARSEABLE,#UNPARSEABLE,,#UNPARSEABLE,5,Rajat Bothra,,,,Green,Sign off on Pre-UAT and final version of IAD,Not Started,0.0,2026-08-05,2026-08-05,,,,,0,328,4.0000002778,,,,,,,,,UniSan Project Manager,,,,,
#UNPARSEABLE,#UNPARSEABLE,#UNPARSEABLE,,#UNPARSEABLE,2,Rajat Bothra,,,,Green,Merlin Intake : Conclude Functional Configuration,Not Started,0.0,2026-08-05,2026-08-05,,,,,0,329,4.0000002778,,,,,,,,,,,,,,
#UNPARSEABLE,#UNPARSEABLE,#UNPARSEABLE,,#UNPARSEABLE,1,Rajat Bothra,,,,Green,User Acceptance Testing (UAT) Phase II,Not Started,0.0,2026-08-07,2026-08-24,,,,,12d,,34.0,,,,,,,,,,,,,,
#UNPARSEABLE,#UNPARSEABLE,#UNPARSEABLE,,#UNPARSEABLE,2,Rajat Bothra,,,,Green,Prepare for UAT,Not Started,0.0,2026-08-07,2026-08-12,,,,,4d,,42.0,,,,,,,,,,,,,,
#UNPARSEABLE,#UNPARSEABLE,#UNPARSEABLE,,#UNPARSEABLE,3,Rajat Bothra,,,,Green,Prepare the UAT Approach,Not Started,0.0,2026-08-07,2026-08-07,,,,,1d,"317, 330",0.0,1.0,,,,,,,,"Zycus Product Specialist, Zycus Project Manager",,,,,
#UNPARSEABLE,#UNPARSEABLE,#UNPARSEABLE,,#UNPARSEABLE,3,Rajat Bothra,,,,Green,Finalize and agree on UAT Approach,Not Started,0.0,2026-08-10,2026-08-10,,,,,1d,333,0.0,1.0,,,,,,,,"UniSan Core Project Team, UniSan Project Manager",,,,,
#UNPARSEABLE,#UNPARSEABLE,#UNPARSEABLE,,#UNPARSEABLE,3,Rajat Bothra,,,,Green,Provide users & roles on STAGING required for UAT,Not Started,0.0,2026-08-10,2026-08-10,,,,,1d,333,43.0000000347,,,,,,,,,"UniSan Project Manager, UniSan Project Team, UniSan SME",,,,,
#UNPARSEABLE,#UNPARSEABLE,#UNPARSEABLE,,#UNPARSEABLE,3,Rajat Bothra,,,,Green,Create users on STAGING set for UAT group,Not Started,0.0,2026-08-11,2026-08-11,,,,,1d,335,43.0,,,,,,,,,Zycus Product Specialist,,,,,
#UNPARSEABLE,#UNPARSEABLE,#UNPARSEABLE,,#UNPARSEABLE,3,Rajat Bothra,,,,Green,Provide Standard Test Cases,Not Started,0.0,2026-08-11,2026-08-11,,,,,1d,334,0.0,1.0,,,,,,,,"Zycus Consultant, Zycus Product Specialist",,,,,
#UNPARSEABLE,#UNPARSEABLE,#UNPARSEABLE,,#UNPARSEABLE,3,Rajat Bothra,,,,Green,Finalize Test Cases,Not Started,0.0,2026-08-12,2026-08-12,,,,,1d,337,0.0,1.0,,,,,,,,UniSan Core Project Team,,,,,
#UNPARSEABLE,#UNPARSEABLE,#UNPARSEABLE,,#UNPARSEABLE,3,Rajat Bothra,,,,Green,Quality Reviews,Not Started,0.0,2026-08-07,2026-08-10,,,,,2d,,44.0,,,,,,,,,,,,,,
#UNPARSEABLE,#UNPARSEABLE,#UNPARSEABLE,,#UNPARSEABLE,4,Rajat Bothra,,,,Green,Schedule for quality check,Not Started,0.0,2026-08-07,2026-08-07,,,,,1d,"178, 240, 261, 318, 330, 283",23.0000001736,,,,,,,,,Zycus Product Specialist,,,,,
#UNPARSEABLE,#UNPARSEABLE,#UNPARSEABLE,,#UNPARSEABLE,4,Rajat Bothra,,,,Green,"Perform quality checks, PSRs as per quality checklist and submit to QC team",Not Started,0.0,2026-08-10,2026-08-10,,,,,1d,340,23.0000001389,,,,,,,,,Zycus Product Specialist,,,,,
#UNPARSEABLE,#UNPARSEABLE,#UNPARSEABLE,,#UNPARSEABLE,4,Rajat Bothra,,,,Green,Quality Check by Zycus QC team,Not Started,0.0,2026-08-10,2026-08-10,,,,,0,341,21.0000001389,,,,,,,,,Zycus Quality Team,,,,,
#UNPARSEABLE,#UNPARSEABLE,#UNPARSEABLE,,#UNPARSEABLE,2,Rajat Bothra,,,,Green,End-to-End UAT,Not Started,0.0,2026-08-11,2026-08-24,,,,,10d,,34.0,,,,,,,,,,,,,,
#UNPARSEABLE,#UNPARSEABLE,#UNPARSEABLE,,#UNPARSEABLE,3,Rajat Bothra,,,,Green,UAT Intake and iSource,Not Started,0.0,2026-08-13,2026-08-17,,,,,3d,"317, 330, 338",0.0,1.0,,,,,,,,UniSan Core Project Team,,,,,
#UNPARSEABLE,#UNPARSEABLE,#UNPARSEABLE,,#UNPARSEABLE,3,Rajat Bothra,,,,Green,Defect Analysis & UAT Feedback incorporation and share Test Closure Memo,Not Started,0.0,2026-08-14,2026-08-18,,,,,3d,344SS +1d,0.0,1.0,,,,,,,,Zycus Project Team,,,,,
#UNPARSEABLE,#UNPARSEABLE,#UNPARSEABLE,,#UNPARSEABLE,3,Rajat Bothra,,,,Green,UniSan to provide sign off on Test Closure Memo,Not Started,0.0,2026-08-19,2026-08-20,,,,,2d,345,0.0,1.0,,,,,,,,"UniSan Core Project Team, UniSan Project Manager",,,,,
#UNPARSEABLE,#UNPARSEABLE,#UNPARSEABLE,,#UNPARSEABLE,3,Rajat Bothra,,,,Green,"UAT iSupplier, eProc, eInvoice and CLM",Not Started,0.0,2026-08-11,2026-08-19,,,,,7d,"240, 261, 177, 342",18.0000000347,,,,,,,,,UniSan Core Project Team,,,,,
#UNPARSEABLE,#UNPARSEABLE,#UNPARSEABLE,,#UNPARSEABLE,3,Rajat Bothra,,,,Green,Defect Analysis & UAT Feedback incorporation and share Test Closure Memo,Not Started,0.0,2026-08-12,2026-08-20,,,,,7d,347SS +1d,24.0000000347,,,,,,,,,Zycus Project Team,,,,,
#UNPARSEABLE,#UNPARSEABLE,#UNPARSEABLE,,#UNPARSEABLE,3,Rajat Bothra,,,,Green,UniSan to provide sign off on Test Closure Memo,Not Started,0.0,2026-08-21,2026-08-24,,,,,2d,348,24.0,,,,,,,,,"UniSan Core Project Team, UniSan Project Manager",,,,,
#UNPARSEABLE,#UNPARSEABLE,#UNPARSEABLE,,#UNPARSEABLE,1,Rajat Bothra,,,,Green,UAT Completion,Not Started,0.0,2026-08-24,2026-08-24,,,,,0,"346, 349",24.0000000347,,,,,,,,,,,,,,
#UNPARSEABLE,#UNPARSEABLE,#UNPARSEABLE,,#UNPARSEABLE,1,Rajat Bothra,,,,Green,Value KPI Sign-off,Not Started,0.0,2026-07-28,2026-07-28,,,,,0,306,51.0000000347,,,,,,,,,"UniSan Project Group, Zycus Product Specialist, Zycus Project Manager",,,,,
#UNPARSEABLE,#UNPARSEABLE,#UNPARSEABLE,,#UNPARSEABLE,1,Rajat Bothra,,,,Green,Training Phase II,Not Started,0.0,2026-08-18,2026-09-02,,,,,12d,,27.0,,,,,,,,,,,,,,
#UNPARSEABLE,#UNPARSEABLE,#UNPARSEABLE,,#UNPARSEABLE,2,Rajat Bothra,,,,Green,Training Preparation,Not Started,0.0,2026-08-18,2026-08-19,,,,,2d,,37.0,,,,,,,,,,,,,,
#UNPARSEABLE,#UNPARSEABLE,#UNPARSEABLE,,#UNPARSEABLE,3,Rajat Bothra,,,,Green,Training Approach and Schedule finalization,Not Started,0.0,2026-08-18,2026-08-18,,,,,1d,344,35.0000001042,,,,,,,,,"UniSan Project Manager, Zycus Project Manager, Zycus University",,,,,
#UNPARSEABLE,#UNPARSEABLE,#UNPARSEABLE,,#UNPARSEABLE,3,Rajat Bothra,,,,Green,Training Agenda Finalization,Not Started,0.0,2026-08-19,2026-08-19,,,,,1d,354,35.0000000694,,,,,,,,,"UniSan Project Manager, Zycus University Trainer",,,,,
#UNPARSEABLE,#UNPARSEABLE,#UNPARSEABLE,,#UNPARSEABLE,2,Rajat Bothra,,,,Green,Train The Trainer,Not Started,0.0,2026-08-21,2026-09-02,,,,,9d,,27.0,,,,,,,,,,,,,,
#UNPARSEABLE,#UNPARSEABLE,#UNPARSEABLE,,#UNPARSEABLE,3,Rajat Bothra,,,,Green,iContract + Merlin for Contract Training,Not Started,0.0,2026-08-25,2026-08-26,,,,,2d,349,27.0000001042,,,,,,,,,"UniSan Project Team, Zycus University Trainer",,,,,
#UNPARSEABLE,#UNPARSEABLE,#UNPARSEABLE,,#UNPARSEABLE,3,Rajat Bothra,,,,Green,iSource Training,Not Started,0.0,2026-08-21,2026-08-21,,,,,1d,"346, 355",34.0000000347,,,,,,,,,"UniSan Project Team, Zycus University Trainer",,,,,
#UNPARSEABLE,#UNPARSEABLE,#UNPARSEABLE,,#UNPARSEABLE,3,Rajat Bothra,,,,Green,eProc Training,Not Started,0.0,2026-08-27,2026-08-28,,,,,2d,357,27.0000000694,,,,,,,,,"UniSan Project Team, Zycus University Trainer",,,,,
#UNPARSEABLE,#UNPARSEABLE,#UNPARSEABLE,,#UNPARSEABLE,3,Rajat Bothra,,,,Green,eInvoice and Merlin APSD Training,Not Started,0.0,2026-08-31,2026-08-31,,,,,1d,359,27.0000000347,,,,,,,,,"UniSan Project Team, Zycus University Trainer",,,,,
#UNPARSEABLE,#UNPARSEABLE,#UNPARSEABLE,,#UNPARSEABLE,3,Rajat Bothra,,,,Green,Merlin Intake,Not Started,0.0,2026-08-24,2026-08-24,,,,,1d,358,34.0,,,,,,,,,"UniSan Project Team, Zycus University Trainer",,,,,
#UNPARSEABLE,#UNPARSEABLE,#UNPARSEABLE,,#UNPARSEABLE,3,Rajat Bothra,,,,Green,Admin Training,Not Started,0.0,2026-09-01,2026-09-02,,,,,2d,360,27.0,,,,,,,,,"UniSan Project Team, Zycus University Trainer",,,,,
#UNPARSEABLE,#UNPARSEABLE,#UNPARSEABLE,,#UNPARSEABLE,1,Rajat Bothra,,,,Green,Training Completion,Not Started,0.0,2026-09-02,2026-09-02,,,,,0,362,27.0,,,,,,,,,,,,,,
#UNPARSEABLE,#UNPARSEABLE,#UNPARSEABLE,,#UNPARSEABLE,1,Rajat Bothra,,,,Green,Production Migration Phase II,Not Started,0.0,2026-08-21,2026-09-07,,,,,12d,,24.0,,,,,,,,,,,,,,
#UNPARSEABLE,#UNPARSEABLE,#UNPARSEABLE,,#UNPARSEABLE,2,Rajat Bothra,,,,Green,Migration of Solution from STAGING Environment to PRODUCTION,Not Started,0.0,2026-08-21,2026-09-07,,,,,12d,,24.0,,,,,,,,,,,,,,
#UNPARSEABLE,#UNPARSEABLE,#UNPARSEABLE,,#UNPARSEABLE,3,Rajat Bothra,,,,Green,Configuration migration to PRODUCTION - iSource and Merlin Intake,Not Started,0.0,2026-08-21,2026-08-25,,,,,3d,346,33.0,,,,,,,,,Zycus Product Specialist,,,,,
#UNPARSEABLE,#UNPARSEABLE,#UNPARSEABLE,,#UNPARSEABLE,3,Rajat Bothra,,,,Green,"Configuration migration to PRODUCTION -  iSupplier, eProc, eInvoice and CLM",Not Started,0.0,2026-08-25,2026-08-31,,,,,5d,350,24.0000000347,,,,,,,,,Zycus Product Specialist,,,,,
#UNPARSEABLE,#UNPARSEABLE,#UNPARSEABLE,,#UNPARSEABLE,3,Rajat Bothra,,,,Green,Provide the final list of users to be created on PRODUCTION,Not Started,0.0,2026-08-21,2026-08-24,,,,,2d,346,0.0,1.0,,,,,,,,"UniSan Holdings SME, UniSan Project Manager, TKC Holdings Project Team",,,,,
#UNPARSEABLE,#UNPARSEABLE,#UNPARSEABLE,,#UNPARSEABLE,3,Rajat Bothra,,,,Green,Creation of Specified Users as per roles,Not Started,0.0,2026-08-25,2026-08-28,,,,,4d,368,0.0,1.0,,,,,,,,Zycus Product Specialist,,,,,
#UNPARSEABLE,#UNPARSEABLE,#UNPARSEABLE,,#UNPARSEABLE,3,Rajat Bothra,,,,Green,Migrate integration code to Prod,Not Started,0.0,2026-09-01,2026-09-07,,,,,5d,"346, 349, 367",24.0,,,,,,,,,UniSan Integration Team,,,,,
#UNPARSEABLE,#UNPARSEABLE,#UNPARSEABLE,,#UNPARSEABLE,3,Rajat Bothra,,,,Green,Quality Reviews,Not Started,0.0,2026-08-31,2026-09-01,,,,,2d,,28.0,,,,,,,,,,,,,,
#UNPARSEABLE,#UNPARSEABLE,#UNPARSEABLE,,#UNPARSEABLE,4,Rajat Bothra,,,,Green,Schedule for quality check,Not Started,0.0,2026-08-31,2026-08-31,,,,,1d,369,0.0,1.0,,,,,,,,Zycus Product Specialist,,,,,
#UNPARSEABLE,#UNPARSEABLE,#UNPARSEABLE,,#UNPARSEABLE,4,Rajat Bothra,,,,Green,"Perform quality checks, PSRs as per quality checklist and submit to QC team",Not Started,0.0,2026-09-01,2026-09-01,,,,,1d,372,0.0,1.0,,,,,,,,Zycus Product Specialist,,,,,
#UNPARSEABLE,#UNPARSEABLE,#UNPARSEABLE,,#UNPARSEABLE,4,Rajat Bothra,,,,Green,Quality Check by Zycus QC team,Not Started,0.0,2026-09-01,2026-09-01,,,,,0,373,0.0,1.0,,,,,,,,Zycus Quality Team,,,,,
#UNPARSEABLE,#UNPARSEABLE,#UNPARSEABLE,,#UNPARSEABLE,1,Rajat Bothra,,,,Green,Sanity on Production - iSource and Merlin Intake,Not Started,0.0,2026-09-02,2026-09-02,,,,,1d,374,25.0000000694,,,,,,,,,"UniSan IT Team, UniSan Integration Team, UniSan Project Manager, UniSan SME, UniSan Subject Matter Expert",,,,,
#UNPARSEABLE,#UNPARSEABLE,#UNPARSEABLE,,#UNPARSEABLE,1,Rajat Bothra,,,,Green,Go /No-go Check Point ( Meeting with UniSan) - iSource and Merlin Intake,Not Started,0.0,2026-09-03,2026-09-03,,,,,1d,375,25.0000000347,,,,,,,,,UniSan Project Manager,,,,,
#UNPARSEABLE,#UNPARSEABLE,#UNPARSEABLE,,#UNPARSEABLE,1,Rajat Bothra,,,,Green,Release Zycus system to all users -  iSource and Merlin Intake,Not Started,0.0,2026-09-04,2026-09-04,,,,,1d,376,25.0,,,,,,,,,Zycus Product Specialist,,,,,
#UNPARSEABLE,#UNPARSEABLE,#UNPARSEABLE,,#UNPARSEABLE,1,Rajat Bothra,,,,Green,KPI Reports to be migrated on PROD,Not Started,0.0,2026-09-01,2026-09-02,,,,,2d,"351, 367",27.0,,,,,,,,,"UniSan Project Group, Zycus Product Specialist, Zycus Project Manager",,,,,
#UNPARSEABLE,#UNPARSEABLE,#UNPARSEABLE,,#UNPARSEABLE,1,Rajat Bothra,,,,Green,"Sanity on Production  -  iSupplier, eProc, eInvoice and CLM",Not Started,0.0,2026-09-08,2026-09-09,,,,,2d,374FS +4d,0.0,1.0,,,,,,,,"UniSan IT Team, UniSan Integration Team, UniSan Project Manager, UniSan SME, UniSan Subject Matter Expert",,,,,
#UNPARSEABLE,#UNPARSEABLE,#UNPARSEABLE,,#UNPARSEABLE,1,Rajat Bothra,,,,Green,"Go /No-go Check Point ( Meeting with UniSan)  -  iSupplier, eProc, eInvoice and CLM",Not Started,0.0,2026-09-10,2026-09-10,,,,,1d,379,0.0,1.0,,,,,,,,UniSan Project Manager,,,,,
#UNPARSEABLE,#UNPARSEABLE,#UNPARSEABLE,,#UNPARSEABLE,1,Rajat Bothra,,,,Green,"Release Zycus system to all users  -  iSupplier, eProc, eInvoice and CLM",Not Started,0.0,2026-09-11,2026-09-11,,,,,1d,380,0.0,1.0,,,,,,,,Zycus Product Specialist,,,,,
#UNPARSEABLE,#UNPARSEABLE,#UNPARSEABLE,,#UNPARSEABLE,1,Rajat Bothra,,,,Green,Production Go-Live Phase II,Not Started,0.0,2026-09-11,2026-09-11,,,,,0,381,0.0,1.0,,,,,,,,,,,,,
#UNPARSEABLE,#UNPARSEABLE,#UNPARSEABLE,,#UNPARSEABLE,1,Rajat Bothra,,,,Green,Hypercare Phase II,Not Started,0.0,2026-09-14,2026-10-09,,,,,20d,382,0.0,1.0,,,,,,,,"UniSan IT Team, UniSan Integration Team, UniSan Project Group, Zycus Consultant, Zycus Integration Team, Zycus Product Specialist, Zycus Project Manager",,,,,
